year,player_name,sg_total,sg_off_the_tee,sg_approach,sg_around_green,sg_putting,driving_distance,driving_accuracy,greens_in_regulation,scoring_average,money_earned,final_season_rank,sg_tee_to_green
2022,Aaron Baddeley,,,,,,,,,,199830.0,,
2022,Aaron Rai,0.383,0.146,0.301,0.042,-0.106,295.4,67.37,68.79,70.637,1346601.0,93.0,0.48899999999999993
2022,Aaron Wise,1.053,0.387,0.489,0.076,0.1,308.3,59.15,69.06,69.944,3454521.0,13.0,0.952
2022,Abraham Ancer,0.139,0.395,0.026,-0.447,0.165,297.1,70.54,66.86,70.917,1777504.0,98.0,-0.025999999999999968
2022,Adam Hadwin,0.678,-0.084,0.274,0.361,0.127,297.2,63.71,67.84,70.595,2574396.0,63.0,0.5509999999999999
2022,Adam Long,0.553,0.088,0.062,0.0,0.402,291.6,64.74,67.17,70.417,1364131.0,86.0,0.15
2022,Adam Schenk,-0.233,-0.052,0.152,-0.386,0.053,304.0,56.25,64.44,71.118,1339523.0,90.0,-0.28600000000000003
2022,Adam Scott,0.619,0.158,0.256,-0.075,0.279,312.4,55.34,67.67,70.506,2913198.0,25.0,0.339
2022,Adam Svensson,0.193,-0.005,0.331,-0.178,0.044,293.4,64.1,67.44,70.877,1209000.0,97.0,0.14800000000000002
2022,Alex Noren,0.482,-0.019,0.002,0.042,0.457,299.8,56.22,65.71,70.545,1971531.0,70.0,0.025
2022,Alex Smalley,0.12,0.207,0.26,-0.115,-0.233,306.5,60.41,68.28,70.535,1631567.0,71.0,0.352
2022,Andrew Landry,,,,,,,,,,498700.0,,
2022,Andrew Novak,-0.322,-0.08,0.164,0.024,-0.43,297.1,56.33,65.06,71.303,513881.0,,0.10800000000000001
2022,Andrew Putnam,0.437,-0.238,0.032,0.333,0.31,284.8,64.54,66.55,70.468,1920393.0,46.0,0.12700000000000003
2022,Anirban Lahiri,0.231,0.448,-0.18,0.145,-0.181,298.2,61.9,64.89,70.869,3084598.0,74.0,0.41300000000000003
2022,Arjun Atwal,,,,,,,,,,21150.0,,
2022,Austin Cook,-0.281,-0.348,-0.272,0.013,0.327,285.5,66.98,64.01,71.543,552226.0,,-0.607
2022,Austin Smotherman,0.222,0.428,0.412,-0.356,-0.262,304.6,63.1,68.47,71.106,770827.0,137.0,0.484
2022,Beau Hossler,0.071,-0.121,-0.666,0.141,0.717,309.3,52.09,63.49,70.98,1716430.0,80.0,-0.646
2022,Ben Crane,,,,,,,,,,40658.0,,
2022,Ben Kohles,-0.52,-0.546,0.13,-0.319,0.215,287.3,60.69,67.46,71.385,309955.0,,-0.7350000000000001
2022,Ben Martin,,,,,,,,,,491882.0,,
2022,Bill Haas,-0.29,-0.276,-0.513,0.349,0.151,300.5,55.75,64.69,71.255,466497.0,,-0.44000000000000006
2022,Billy Horschel,1.031,0.237,-0.067,0.413,0.448,297.3,65.05,68.17,70.023,4940600.0,21.0,0.583
2022,Bo Hoag,-0.866,-0.237,-0.306,-0.201,-0.122,294.9,60.06,65.42,71.97,215072.0,,-0.744
2022,Bo Van Pelt,,,,,,,,,,161157.0,,
2022,Branden Grace,-0.834,0.028,-0.318,0.001,-0.544,296.4,60.14,65.38,,,,-0.289
2022,Brandon Hagy,-1.046,0.079,-0.539,-0.29,-0.296,317.9,48.18,62.54,72.071,261376.0,,-0.75
2022,Brandon Wu,-0.195,0.165,-0.019,-0.276,-0.065,295.3,62.12,69.22,71.006,1472515.0,82.0,-0.13
2022,Brandt Snedeker,-0.618,-0.355,-0.081,0.04,-0.223,287.1,62.15,66.2,71.691,352198.0,,-0.396
2022,Brendan Steele,0.343,0.694,0.325,-0.135,-0.541,307.8,61.39,69.33,70.679,2531909.0,61.0,0.8839999999999999
2022,Brendon Todd,0.519,-0.34,-0.065,0.144,0.781,279.0,69.31,64.99,70.439,1659052.0,78.0,-0.261
2022,Brett Drewitt,-1.364,-0.726,-0.482,0.17,-0.325,295.9,56.41,64.66,72.233,121307.0,,-1.038
2022,Brian Davis,,,,,,,,,,8177.0,,
2022,Brian Gay,,,,,,,,,,203278.0,,
2022,Brian Harman,0.608,0.127,0.177,0.186,0.118,292.2,66.56,67.09,70.195,3226839.0,21.0,0.49
2022,Brian Stuard,-0.656,-0.475,0.021,0.146,-0.349,277.4,71.32,64.98,71.332,705260.0,145.0,-0.30799999999999994
2022,Brice Garnett,-0.104,0.042,-0.266,0.117,0.003,293.7,67.26,67.17,71.376,579670.0,,-0.107
2022,Bronson Burgoon,,,,,,,,,,192026.0,,
2022,Brooks Koepka,0.124,0.21,-0.064,-0.284,0.262,311.9,53.41,63.16,71.234,1317085.0,117.0,-0.13799999999999998
2022,Bryson DeChambeau,,,,,,,,,,519928.0,,
2022,C.T. Pan,0.276,-0.027,0.2,0.08,0.022,296.7,62.26,66.53,70.803,1313259.0,105.0,0.253
2022,Callum Tarren,0.208,0.122,0.197,-0.097,-0.013,312.4,51.83,66.91,70.801,1034362.0,119.0,0.222
2022,Cam Davis,0.542,0.138,0.269,0.038,0.096,308.5,55.74,65.31,70.714,1989011.0,56.0,0.445
2022,Cameron Champ,-0.082,0.637,-0.178,-0.365,-0.177,321.4,57.79,67.16,71.527,940458.0,144.0,0.09400000000000003
2022,Cameron Percy,-0.062,0.021,-0.078,0.131,-0.136,292.3,61.41,66.79,70.947,576053.0,,0.07400000000000001
2022,Cameron Smith,1.433,-0.125,0.771,0.223,0.563,299.7,57.49,68.01,69.203,10107897.0,20.0,0.869
2022,Cameron Tringale,0.269,-0.135,0.294,0.103,0.007,301.9,58.59,67.45,70.761,3050519.0,48.0,0.26199999999999996
2022,Cameron Young,1.265,0.914,0.098,0.112,0.141,319.3,58.67,64.91,69.844,6520598.0,19.0,1.124
2022,Camilo Villegas,-0.626,-0.331,0.017,0.298,-0.611,290.9,58.17,65.62,71.708,318554.0,,-0.016000000000000014
2022,Carlos Ortiz,-0.622,-0.069,-0.141,-0.351,-0.061,303.4,56.89,63.39,71.632,1087463.0,115.0,-0.5609999999999999
2022,Chad Ramey,-0.51,-0.192,0.053,-0.167,-0.205,288.9,64.93,65.91,71.208,1281224.0,85.0,-0.30600000000000005
2022,Charles Howell III,0.68,0.398,0.064,0.413,-0.195,304.1,61.84,70.99,70.389,1026002.0,122.0,0.875
2022,Charley Hoffman,-0.593,0.008,-0.107,-0.061,-0.434,309.6,50.32,65.22,71.51,554475.0,,-0.16
2022,Chase Seiffert,-0.289,0.003,0.186,0.001,-0.479,289.7,63.37,66.01,71.067,343305.0,,0.19
2022,Chesson Hadley,-0.173,-0.433,-0.003,-0.248,0.511,301.8,55.45,65.35,71.565,1195172.0,121.0,-0.6839999999999999
2022,Chez Reavie,-0.184,-0.209,0.467,-0.074,-0.368,283.9,70.43,66.54,71.039,1908670.0,65.0,0.184
2022,Chris Kirk,0.999,0.367,0.256,0.408,-0.033,300.1,64.5,66.14,70.425,2408913.0,68.0,1.031
2022,Chris Stroud,,,,,,,,,,95402.0,,
2022,Christiaan Bezuidenhout,0.753,-0.035,0.12,0.015,0.653,291.6,62.4,66.04,70.32,2233289.0,51.0,0.09999999999999999
2022,Collin Morikawa,0.978,0.361,0.854,-0.149,-0.088,301.8,65.27,68.61,69.863,4837271.0,21.0,1.0659999999999998
2022,Corey Conners,1.143,0.7,0.601,-0.06,-0.099,302.7,66.83,71.9,69.941,3876590.0,26.0,1.2409999999999999
2022,Curtis Thompson,-0.852,-0.029,-0.505,-0.299,-0.019,309.2,53.33,63.11,71.839,338509.0,,-0.833
2022,D.A. Points,,,,,,,,,,45522.0,,
2022,D.J. Trahan,,,,,,,,,,35292.0,,
2022,Daniel Berger,,,,,,,,,,1769539.0,91.0,
2022,Danny Lee,-0.654,0.072,-0.085,-0.379,-0.263,297.8,55.43,61.86,71.072,1265934.0,102.0,-0.392
2022,Danny Willett,0.004,0.016,-0.458,0.513,-0.066,297.2,61.55,64.52,71.114,914293.0,141.0,0.07100000000000001
2022,David Hearn,,,,,,,,,,66239.0,,
2022,David Lingmerth,,,,,,,,,,229256.0,,
2022,David Lipsky,0.346,0.001,0.354,0.026,-0.036,295.2,65.24,68.12,70.802,1269468.0,89.0,0.381
2022,David Skinns,-0.708,-0.819,-0.09,0.045,0.156,301.8,51.15,64.06,71.907,243143.0,,-0.8639999999999999
2022,Davis Love III,,,,,,,,,,15048.0,,
2022,Davis Riley,0.578,0.312,0.161,-0.003,0.107,307.6,61.93,66.96,70.259,3190793.0,36.0,0.47
2022,Dawie van der Walt,-0.88,-0.03,-0.24,-0.384,-0.227,298.2,59.49,63.8,72.198,184972.0,,-0.654
2022,Denny McCarthy,0.837,-0.183,-0.059,0.261,0.818,291.6,64.49,65.33,69.971,2882771.0,37.0,0.019000000000000017
2022,Derek Ernst,,,,,,,,,,25057.0,,
2022,Doc Redman,-0.264,-0.114,0.146,-0.421,0.125,294.8,60.18,67.3,71.467,849809.0,140.0,-0.389
2022,Doug Ghim,-0.157,0.135,0.158,-0.045,-0.405,295.6,64.22,66.47,71.056,1347458.0,125.0,0.24800000000000005
2022,Dylan Frittelli,-0.041,-0.192,-0.007,0.096,0.061,304.1,50.5,64.64,71.013,1194625.0,87.0,-0.10300000000000001
2022,Dylan Wu,-0.64,-0.239,-0.204,-0.137,-0.06,296.5,58.86,66.58,71.628,382717.0,,-0.58
2022,Emiliano Grillo,0.448,0.48,0.043,-0.054,-0.022,305.6,64.07,67.92,70.965,2094647.0,53.0,0.46900000000000003
2022,Erik van Rooyen,-0.292,0.09,0.411,-0.46,-0.333,299.4,61.41,65.05,71.453,927524.0,150.0,0.04099999999999998
2022,Fabián Gómez,,,,,,,,,,40401.0,,
2022,Francesco Molinari,0.053,-0.267,-0.142,0.336,0.126,295.4,61.21,63.42,71.263,816460.0,148.0,-0.07300000000000001
2022,Garrick Higgo,-0.98,-0.128,-0.155,-0.394,-0.303,305.0,56.97,63.79,72.172,667305.0,,-0.677
2022,Gary Woodland,0.804,0.303,0.318,0.144,0.039,309.9,56.8,66.1,70.457,1992732.0,79.0,0.765
2022,George McNeill,,,,,,,,,,16800.0,,
2022,Grayson Murray,,,,,,,,,,218304.0,,
2022,Greg Chalmers,,,,,,,,,,62549.0,,
2022,Greyson Sigg,-0.049,0.017,0.056,-0.071,-0.051,294.9,62.87,68.09,70.994,884085.0,114.0,0.0020000000000000157
2022,Hank Lebioda,0.061,-0.235,0.085,0.015,0.195,294.2,62.12,65.63,71.098,588984.0,,-0.13499999999999995
2022,Harold Varner III,0.554,-0.058,0.458,0.348,-0.194,305.8,54.61,66.51,70.422,2294141.0,69.0,0.748
2022,Harris English,,,,,,,,,,305923.0,,
2022,Harry Higgs,-0.824,-0.35,-0.6,-0.089,0.215,301.8,55.52,61.39,71.606,834333.0,147.0,-1.039
2022,Hayden Buckley,0.139,0.568,0.086,-0.207,-0.308,300.1,67.51,69.54,71.041,1303036.0,104.0,0.44699999999999995
2022,Henrik Norlander,-0.478,-0.222,0.158,0.061,-0.476,291.0,62.35,68.13,71.365,613966.0,,-0.0030000000000000027
2022,Henrik Stenson,,,,,,,,,,184439.0,,
2022,Hideki Matsuyama,1.015,0.127,0.711,0.206,-0.028,304.7,59.37,68.29,70.116,5776298.0,11.0,1.044
2022,Hudson Swafford,-0.314,-0.008,0.438,-0.747,0.002,307.4,60.76,66.75,71.49,1714926.0,75.0,-0.317
2022,Ian Poulter,0.283,-0.219,-0.217,0.251,0.468,295.6,62.1,62.25,71.078,537169.0,,-0.185
2022,J.J. Henry,,,,,,,,,,41727.0,,
2022,J.J. Spaun,0.308,0.124,0.127,-0.043,0.1,294.7,64.11,67.02,70.669,2951152.0,34.0,0.20800000000000002
2022,J.T. Poston,0.697,0.18,0.018,0.218,0.279,298.2,59.45,66.73,70.295,3292443.0,15.0,0.416
2022,James Hahn,-0.058,0.286,0.013,-0.079,-0.278,302.8,61.48,65.81,70.973,1183254.0,113.0,0.21999999999999997
2022,Jared Wolfe,-0.644,-0.079,-0.189,-0.218,-0.157,309.6,55.66,68.64,71.611,189112.0,,-0.486
2022,Jason Day,0.201,0.018,-0.137,0.231,0.089,301.6,61.19,64.72,70.806,1086460.0,124.0,0.112
2022,Jason Dufner,-1.087,-0.287,-0.085,-0.014,-0.701,292.1,59.37,64.11,72.076,118175.0,,-0.386
2022,Jason Kokrak,0.337,0.117,0.026,-0.058,0.252,309.2,61.31,65.3,70.778,2339960.0,59.0,0.08500000000000002
2022,Jay Haas,,,,,,,,,,16185.0,,
2022,Jhonattan Vegas,0.375,0.393,0.396,-0.182,-0.232,315.7,55.39,68.11,70.521,1097633.0,111.0,0.607
2022,Jim Furyk,,,,,,,,,,27375.0,,
2022,Jim Herman,-0.991,-0.035,-0.259,-0.236,-0.46,291.8,68.27,67.65,71.791,202105.0,,-0.53
2022,Jim Knous,-0.312,-0.29,-0.555,0.302,0.231,299.0,55.73,63.18,71.566,307059.0,,-0.5429999999999999
2022,Jimmy Walker,,,,,,,,,,210827.0,,
2022,Joaquin Niemann,1.274,0.545,0.527,0.263,-0.061,309.1,56.71,67.92,69.829,5076060.0,11.0,1.335
2022,Joel Dahmen,-0.021,0.14,0.195,-0.229,-0.126,292.1,67.88,67.91,70.855,1712942.0,92.0,0.10600000000000001
2022,John Huh,0.276,-0.012,0.171,0.128,-0.011,292.0,66.44,66.82,70.737,1631948.0,77.0,0.28700000000000003
2022,John Merrick,,,,,,,,,,19502.0,,
2022,John Senden,,,,,,,,,,13650.0,,
2022,Johnson Wagner,,,,,,,,,,35205.0,,
2022,Jon Rahm,1.656,1.025,0.363,-0.098,0.367,318.9,62.5,71.59,69.755,5248220.0,15.0,1.2899999999999998
2022,Jonas Blixt,-1.374,-0.005,-1.352,-0.253,0.236,296.6,58.76,58.78,72.679,135079.0,,-1.6099999999999999
2022,Jonathan Byrd,-0.114,-0.591,-0.003,0.382,0.097,292.9,61.31,66.18,71.135,558025.0,,-0.21199999999999997
2022,Jordan Spieth,0.839,0.335,0.416,0.295,-0.207,308.4,55.99,67.42,70.24,5018444.0,13.0,1.046
2022,Joseph Bramlett,-0.54,0.332,0.125,-0.046,-0.951,318.3,52.45,68.86,71.619,409468.0,,0.41100000000000003
2022,Joshua Creel,-0.966,-0.163,-0.409,-0.321,-0.074,284.6,63.59,60.4,72.388,115976.0,,-0.893
2022,Justin Lower,-0.261,-0.334,0.093,-0.272,0.252,294.2,60.26,67.36,71.093,700545.0,138.0,-0.513
2022,Justin Rose,0.505,0.022,0.065,-0.032,0.45,299.5,61.04,64.92,70.406,1426994.0,106.0,0.05499999999999999
2022,Justin Thomas,1.68,0.538,0.696,0.355,0.091,314.3,54.78,68.35,69.493,6829576.0,5.0,1.589
2022,K.H. Lee,0.418,0.22,-0.009,0.077,0.13,302.5,62.15,65.82,70.578,3347180.0,27.0,0.288
2022,Keegan Bradley,1.053,0.433,0.437,0.115,0.067,307.5,59.77,66.18,70.354,3623137.0,54.0,0.985
2022,Keith Mitchell,1.074,0.761,0.024,0.079,0.209,311.8,61.76,67.64,69.916,3068341.0,40.0,0.864
2022,Kelly Kraft,-0.121,-0.102,-0.323,-0.268,0.572,289.3,66.56,63.45,71.144,680946.0,142.0,-0.6930000000000001
2022,Kevin Chappell,-0.848,0.001,-0.59,-0.174,-0.085,310.1,51.76,66.46,71.909,332336.0,,-0.7629999999999999
2022,Kevin Kisner,0.387,-0.317,-0.171,0.314,0.561,290.4,65.52,67.17,70.966,3757424.0,39.0,-0.174
2022,Kevin Stadler,,,,,,,,,,7955.0,,
2022,Kevin Streelman,0.397,0.304,0.054,0.129,-0.091,295.8,69.48,66.48,70.901,1354092.0,99.0,0.487
2022,Kevin Tway,-0.572,-0.105,-0.654,0.058,0.129,310.2,50.79,64.79,71.554,927182.0,127.0,-0.701
2022,Kiradech Aphibarnrat,-0.674,0.015,-0.409,-0.249,-0.032,293.0,65.39,63.94,71.616,299174.0,,-0.643
2022,Kramer Hickok,-0.285,0.232,0.041,-0.283,-0.274,294.5,65.76,65.93,71.087,881229.0,135.0,-0.009999999999999953
2022,Kurt Kitayama,0.29,0.142,0.149,0.016,-0.017,310.8,51.89,65.79,70.882,2547912.0,41.0,0.307
2022,Kyle Stanley,,,,,,,,,,188048.0,,
2022,Lanto Griffin,0.292,0.012,0.438,-0.279,0.121,301.6,58.31,65.46,70.735,1717566.0,81.0,0.17099999999999999
2022,Lee Hodges,0.132,0.119,0.256,0.002,-0.245,300.3,61.69,69.12,70.889,1377251.0,76.0,0.377
2022,Lucas Glover,-0.195,0.23,0.368,-0.224,-0.568,297.5,67.54,68.28,71.27,1941796.0,42.0,0.374
2022,Lucas Herbert,-0.28,-0.247,-0.979,0.094,0.853,307.3,50.78,57.82,71.179,2558440.0,44.0,-1.132
2022,Luke Donald,0.056,-0.84,0.451,0.318,0.128,286.5,56.96,65.17,70.882,410042.0,,-0.07099999999999995
2022,Luke List,0.476,0.677,0.594,0.099,-0.895,314.8,55.12,69.72,70.679,2734720.0,52.0,1.3699999999999999
2022,Mackenzie Hughes,0.302,-0.289,-0.206,0.288,0.509,298.0,57.53,62.8,70.64,2276212.0,57.0,-0.20700000000000002
2022,Marc Leishman,0.784,-0.021,0.166,0.132,0.507,307.1,55.94,66.36,70.511,2015561.0,60.0,0.277
2022,Mark Hensby,,,,,,,,,,97356.0,,
2022,Mark Hubbard,0.6,-0.13,0.494,-0.003,0.239,288.3,62.78,68.3,70.284,1179782.0,100.0,0.361
2022,Martin Laird,0.39,0.175,0.444,0.24,-0.47,298.0,68.19,68.77,70.574,1094313.0,107.0,0.859
2022,Martin Trainer,-0.885,-0.34,-0.938,-0.127,0.52,305.5,54.12,63.53,71.841,726985.0,149.0,-1.405
2022,Matt Every,,,,,,,,,,7659.0,,
2022,Matt Fitzpatrick,1.792,0.636,0.28,0.452,0.425,303.8,63.38,66.83,69.217,7012672.0,15.0,1.368
2022,Matt Jones,0.394,0.253,0.107,0.48,-0.447,306.5,54.18,65.57,70.879,1914560.0,73.0,0.84
2022,Matt Kuchar,0.756,-0.272,-0.035,0.519,0.544,287.9,63.45,63.93,70.291,2051300.0,66.0,0.21199999999999997
2022,Matt NeSmith,,,,,,,,,,,83.0,
2022,Matt Wallace,-0.685,-0.45,-0.109,-0.123,-0.003,303.7,58.98,65.97,71.4,918351.0,136.0,-0.682
2022,Matthew NeSmith,0.409,0.168,0.417,-0.024,-0.152,298.0,63.71,68.48,70.594,1539142.0,,0.5609999999999999
2022,Matthew Wolff,-0.259,-0.234,-0.632,0.183,0.423,318.4,50.0,62.17,71.375,1485181.0,84.0,-0.683
2022,Matthias Schwab,0.261,-0.241,0.18,0.204,0.118,293.8,59.42,68.65,70.598,955840.0,129.0,0.143
2022,Maverick McNealy,0.683,0.277,-0.004,-0.044,0.454,307.4,57.92,66.79,70.282,2689754.0,38.0,0.22900000000000004
2022,Max Homa,1.343,0.425,0.384,0.165,0.369,306.3,60.63,65.99,69.972,5289842.0,5.0,0.974
2022,Max McGreevy,-0.662,-0.316,-0.225,0.009,-0.129,289.8,63.62,63.58,71.556,999625.0,120.0,-0.532
2022,Michael Gligic,-0.101,0.168,-0.087,-0.097,-0.084,301.2,59.35,67.29,71.296,652204.0,146.0,-0.015999999999999986
2022,Michael Kim,,,,,,,,,,183150.0,,
2022,Michael Thompson,-0.11,-0.255,-0.133,0.132,0.146,287.9,65.87,64.09,71.07,1148272.0,103.0,-0.256
2022,Mito Pereira,1.111,0.386,0.679,0.047,0.012,303.9,60.37,69.6,70.216,2797925.0,50.0,1.1119999999999999
2022,Nate Lashley,0.29,0.017,0.093,-0.026,0.206,295.2,63.63,67.69,70.902,976895.0,112.0,0.084
2022,Nick Hardy,0.115,0.386,-0.134,-0.312,0.175,305.7,57.73,68.74,70.845,820728.0,143.0,-0.06
2022,Nick Taylor,-0.072,-0.036,0.015,0.051,-0.102,296.1,58.29,65.21,70.93,832637.0,134.0,0.03
2022,Nick Watney,-0.914,-0.553,0.131,-0.306,-0.186,301.2,53.74,66.81,72.038,1012572.0,123.0,-0.728
2022,Omar Uresti,,,,,,,,,,14910.0,,
2022,Padraig Harrington,,,,,,,,,,37464.0,,
2022,Pat Perez,0.402,-0.402,0.199,0.46,0.145,287.2,59.09,64.25,70.941,1071981.0,132.0,0.257
2022,Patrick Cantlay,1.522,0.526,0.363,0.266,0.367,308.0,60.58,69.28,69.468,9369605.0,7.0,1.155
2022,Patrick Reed,-0.299,-0.503,-0.317,0.28,0.241,290.6,59.25,62.78,,,,-0.54
2022,Patrick Rodgers,0.563,0.163,0.091,-0.051,0.36,309.3,50.98,68.17,70.595,1327382.0,95.0,0.203
2022,Patton Kizzire,-0.143,-0.16,0.213,-0.061,-0.136,303.7,55.89,65.56,71.285,985293.0,130.0,-0.008000000000000007
2022,Paul Barjon,-0.605,0.454,-0.245,-0.74,-0.073,309.4,58.82,65.49,71.752,436732.0,,-0.5309999999999999
2022,Paul Casey,,,,,,,,,,1740282.0,139.0,
2022,Paul Goydos,,,,,,,,,,16800.0,,
2022,Peter Malnati,0.08,-0.268,-0.023,0.167,0.204,297.1,55.22,64.29,71.059,1288197.0,101.0,-0.12400000000000003
2022,Peter Uihlein,,,,,,,,,,142276.0,,
2022,Phil Mickelson,,,,,,,,,,140608.0,,
2022,Richard Johnson,,,,,,,,,,15725.0,,
2022,Richy Werenski,-1.09,-0.689,-0.513,-0.137,0.248,294.9,56.14,62.79,72.31,354791.0,,-1.339
2022,Rickie Fowler,-0.162,-0.022,-0.161,0.274,-0.253,309.4,57.91,62.21,70.987,1072929.0,133.0,0.09100000000000003
2022,Ricky Barnes,,,,,,,,,,83169.0,,
2022,Robert Garrigus,,,,,,,,,,185879.0,,
2022,Robert Streb,0.047,0.037,-0.042,0.071,-0.019,300.4,59.63,64.32,70.906,1120076.0,116.0,0.06599999999999999
2022,Roger Sloan,-0.571,-0.232,-0.241,0.005,-0.103,296.2,58.02,63.55,71.569,388678.0,,-0.46799999999999997
2022,Rory McIlroy,2.115,0.771,0.626,0.222,0.495,321.3,58.06,69.91,68.67,8654566.0,1.0,1.619
2022,Rory Sabbatini,0.263,-0.087,-0.337,0.351,0.336,290.0,61.33,63.94,70.836,628043.0,,-0.07300000000000006
2022,Russell Henley,1.192,0.06,0.969,0.325,-0.162,298.7,67.52,70.94,69.933,2837505.0,45.0,1.3539999999999999
2022,Russell Knox,0.143,0.139,0.45,-0.03,-0.417,293.7,66.91,71.41,70.603,1683424.0,96.0,0.5589999999999999
2022,Ryan Armour,0.237,0.28,0.122,-0.082,-0.082,286.3,73.95,67.56,70.924,412318.0,,0.32
2022,Ryan Brehm,,,,,,,,,,806039.0,128.0,
2022,Ryan Moore,,,,,,,,,,282801.0,,
2022,Ryan Palmer,0.142,0.404,-0.056,0.109,-0.314,305.6,56.76,66.75,70.763,1167801.0,88.0,0.457
2022,Ryuji Imada,,,,,,,,,,16318.0,,
2022,S.Y. Noh,-0.368,-1.137,0.147,0.294,0.327,299.2,50.29,67.11,71.496,291033.0,,-0.696
2022,Sahith Theegala,0.339,0.03,0.185,0.167,-0.043,304.3,54.04,66.47,70.788,3124668.0,28.0,0.382
2022,Sam Burns,1.39,0.067,0.554,0.217,0.553,309.6,55.38,68.68,69.768,7073986.0,24.0,0.838
2022,Sam Ryder,-0.028,-0.153,0.062,-0.046,0.109,294.0,59.74,65.66,71.064,1257416.0,108.0,-0.137
2022,Sangmoon Bae,,,,,,,,,,23357.0,,
2022,Satoshi Kodaira,0.046,0.159,0.118,-0.211,-0.021,286.5,71.88,66.99,70.785,443970.0,,0.06600000000000003
2022,Scott Brown,,,,,,,,,,238839.0,,
2022,Scott Gutschewski,-0.258,-0.164,0.264,-0.023,-0.335,296.9,58.79,68.45,71.51,351321.0,,0.07700000000000001
2022,Scott Piercy,0.012,0.022,-0.217,0.181,0.026,295.8,56.73,62.63,71.084,1030752.0,118.0,-0.014000000000000012
2022,Scott Stallings,0.558,-0.024,0.191,0.124,0.267,306.0,54.76,65.39,70.457,3933593.0,29.0,0.29100000000000004
2022,Scottie Scheffler,1.677,0.356,0.819,0.3,0.202,311.6,59.97,72.29,69.293,14046910.0,2.0,1.4749999999999999
2022,Seamus Power,0.55,0.163,0.013,0.091,0.283,301.0,61.8,68.66,70.303,3100241.0,43.0,0.267
2022,Sean O'Hair,,,,,,,,,,345547.0,,
2022,Sebastián Muñoz,0.47,0.232,0.331,-0.027,-0.066,303.7,62.05,66.47,70.524,2545121.0,55.0,0.536
2022,Sepp Straka,-0.029,0.023,-0.247,-0.09,0.285,303.0,59.87,66.55,71.119,4722434.0,7.0,-0.314
2022,Seth Reeves,-0.763,0.475,-0.533,-0.429,-0.276,309.4,59.94,66.33,72.005,376574.0,,-0.48700000000000004
2022,Shane Lowry,1.175,0.16,0.679,0.173,0.162,306.9,61.36,67.91,69.661,3616679.0,32.0,1.012
2022,Si Woo Kim,0.227,0.287,0.072,0.272,-0.404,301.1,64.01,65.59,70.916,2234151.0,58.0,0.631
2022,Stephan Jaeger,0.107,-0.506,0.177,0.408,0.027,293.0,57.02,63.46,70.841,1289503.0,94.0,0.07899999999999996
2022,Stewart Cink,-0.252,0.1,-0.013,-0.249,-0.09,306.2,59.81,68.25,71.118,1026158.0,126.0,-0.16199999999999998
2022,Sung Kang,-0.879,-0.386,-0.488,-0.138,0.133,293.9,60.94,66.04,71.923,359397.0,,-1.012
2022,Sungjae Im,1.668,0.651,0.308,0.383,0.326,303.7,65.51,70.83,69.762,5567974.0,2.0,1.342
2022,Talor Gooch,1.022,-0.138,0.653,0.502,0.005,304.4,61.88,69.33,70.063,3718990.0,30.0,1.017
2022,Taylor Moore,0.123,0.243,-0.196,0.103,-0.027,302.0,61.76,68.25,70.939,1751237.0,67.0,0.14999999999999997
2022,Taylor Pendrith,0.619,0.591,0.115,0.005,-0.092,316.1,57.01,70.66,70.506,2330840.0,47.0,0.711
2022,Tiger Woods,,,,,,,,,,43500.0,,
2022,Tom Hoge,0.768,0.058,0.664,0.056,-0.009,298.1,61.56,66.32,70.366,4310046.0,10.0,0.7780000000000001
2022,Tom Kim,,,,,,,,,,2824580.0,35.0,
2022,Tommy Fleetwood,1.05,0.027,0.181,0.467,0.375,301.5,59.36,65.67,69.653,2874008.0,64.0,0.675
2022,Tommy Gainey,,,,,,,,,,252536.0,,
2022,Tony Finau,1.499,0.543,0.659,0.206,0.091,308.0,57.96,71.25,69.748,6117886.0,9.0,1.408
2022,Trey Mullinax,0.197,0.451,0.021,-0.118,-0.158,317.2,54.86,66.73,71.008,2172365.0,33.0,0.35400000000000004
2022,Troy Merritt,0.506,0.201,0.046,-0.018,0.276,292.2,64.0,63.31,70.338,1906304.0,62.0,0.229
2022,Tyler Duncan,0.407,0.33,0.133,0.036,-0.092,295.1,68.9,67.68,70.696,890879.0,110.0,0.499
2022,Tyler McCumber,,,,,,,,,,307005.0,,
2022,Tyrrell Hatton,1.034,-0.047,0.153,0.186,0.742,305.7,54.6,64.06,70.01,2849792.0,49.0,0.292
2022,Vaughn Taylor,-0.056,-0.15,0.386,0.038,-0.33,284.7,68.12,66.56,70.928,358473.0,,0.274
2022,Viktor Hovland,0.768,0.423,0.606,-0.651,0.389,308.4,61.87,66.98,70.163,4868461.0,15.0,0.3779999999999999
2022,Vince Whaley,-0.076,-0.052,-0.466,0.101,0.341,302.0,51.57,63.79,70.923,1039817.0,109.0,-0.41700000000000004
2022,Webb Simpson,0.367,-0.044,0.143,0.23,0.038,300.6,64.65,64.6,70.583,1041955.0,131.0,0.329
2022,Wesley Bryan,-1.125,-1.574,0.161,0.271,0.016,297.2,51.79,61.0,72.093,214572.0,,-1.142
2022,Will Zalatoris,1.767,0.602,1.063,0.106,-0.003,314.7,55.44,70.91,69.698,9405082.0,30.0,1.7710000000000001
2022,William McGirt,,,,,,,,,,412275.0,,
2022,Wyndham Clark,0.231,0.209,-0.375,0.039,0.358,319.0,52.64,65.23,70.771,1544055.0,72.0,-0.127
2022,Xander Schauffele,1.652,0.372,0.701,0.235,0.343,308.5,62.2,70.52,69.462,7427299.0,4.0,1.3079999999999998
2022,Zach Johnson,-0.203,-0.338,-0.159,0.111,0.183,287.1,63.65,64.58,71.174,610693.0,,-0.386
2023,Aaron Baddeley,0.221,-0.586,-0.055,0.479,0.384,284.5,57.25,65.76,70.659,1337851.0,96.0,-0.16200000000000003
2023,Aaron Rai,0.615,0.343,0.384,0.149,-0.262,294.1,68.72,69.63,70.398,2470341.0,68.0,0.8760000000000001
2023,Aaron Wise,,,,,,,,,,1020174.0,127.0,
2023,Adam Hadwin,0.709,-0.011,0.21,0.065,0.445,295.7,63.38,67.61,70.36,4713995.0,45.0,0.264
2023,Adam Long,-0.102,-0.182,-0.449,0.209,0.32,290.9,67.28,66.32,71.291,884088.0,142.0,-0.42200000000000004
2023,Adam Schenk,0.694,0.056,0.293,0.001,0.344,305.6,55.25,67.74,70.368,4987135.0,9.0,0.35
2023,Adam Scott,0.927,0.421,-0.169,0.212,0.462,313.0,53.27,65.77,70.101,3329394.0,72.0,0.46399999999999997
2023,Adam Svensson,0.758,0.2,0.278,0.062,0.217,296.2,63.78,67.94,70.471,4844402.0,37.0,0.54
2023,Akshay Bhatia,0.241,0.389,0.394,-0.037,-0.505,304.9,63.93,70.63,70.431,2346959.0,102.0,0.746
2023,Alex Noren,0.601,-0.378,0.162,0.341,0.475,300.2,54.95,66.18,70.422,2591982.0,101.0,0.12500000000000003
2023,Alex Smalley,0.385,0.254,0.407,0.022,-0.299,303.0,58.84,69.35,70.556,3128514.0,54.0,0.683
2023,Anders Albertson,,,,,,,,,,87639.0,216.0,
2023,Andrew Landry,-1.315,-0.208,-0.911,-0.271,0.075,288.4,64.16,64.03,72.547,263815.0,211.0,-1.3900000000000001
2023,Andrew Novak,0.314,-0.01,0.037,0.171,0.116,299.7,58.44,67.08,70.973,1173140.0,105.0,0.198
2023,Andrew Putnam,0.681,-0.411,0.476,0.102,0.513,284.7,64.45,69.72,70.118,4459264.0,35.0,0.16699999999999998
2023,Arjun Atwal,,,,,,,,,,16367.0,231.0,
2023,Augusto Núñez,-0.679,0.111,-0.196,-0.073,-0.522,310.0,56.38,68.5,71.834,382748.0,170.0,-0.158
2023,Austin Cook,-0.757,-0.564,-0.319,0.261,-0.135,282.3,65.28,65.16,71.611,647085.0,176.0,-0.622
2023,Austin Eckroat,0.432,0.363,0.015,-0.049,0.103,301.1,64.32,67.35,70.692,2476429.0,74.0,0.329
2023,Austin Smotherman,-0.335,0.016,-0.063,-0.284,-0.004,300.4,62.55,66.44,71.37,957049.0,125.0,-0.33099999999999996
2023,Beau Hossler,0.45,0.23,-0.263,0.259,0.224,305.3,57.65,66.87,70.398,3586109.0,58.0,0.226
2023,Ben Crane,,,,,,,,,,71025.0,225.0,
2023,Ben Griffin,0.684,-0.066,0.086,0.33,0.334,300.1,56.03,66.9,70.286,2897799.0,63.0,0.35
2023,Ben Martin,0.065,0.048,0.318,-0.33,0.028,293.9,62.49,68.23,70.936,1379841.0,113.0,0.035999999999999976
2023,Ben Taylor,-0.122,-0.452,-0.085,0.033,0.381,304.1,50.44,64.78,71.486,1912677.0,75.0,-0.504
2023,Bill Haas,,,,,,,,,,170817.0,205.0,
2023,Billy Horschel,0.028,-0.224,-0.122,0.048,0.326,298.5,62.56,64.06,71.042,1810825.0,90.0,-0.298
2023,Bo Van Pelt,,,,,,,,,,11172.0,236.0,
2023,Brandon Matthews,-2.202,-0.029,-0.209,-0.893,-1.072,321.3,47.38,64.41,73.153,265711.0,192.0,-1.131
2023,Brandon Wu,0.107,0.159,0.113,-0.004,-0.161,295.7,61.64,68.65,70.72,2622608.0,57.0,0.268
2023,Brandt Snedeker,,,,,,,,,,167113.0,215.0,
2023,Brendan Steele,,,,,,,,,,350609.0,181.0,
2023,Brendon Todd,0.735,-0.348,0.2,0.454,0.441,282.0,67.92,66.19,70.321,3935870.0,47.0,0.30600000000000005
2023,Brent Grant,-1.449,0.806,-0.674,-0.5,-1.081,311.2,63.62,68.39,72.176,466212.0,166.0,-0.368
2023,Brian Gay,,,,,,,,,,219638.0,204.0,
2023,Brian Harman,0.68,0.254,0.008,0.018,0.399,293.6,66.82,67.62,69.978,9175262.0,23.0,0.28
2023,Brian Stuard,-1.084,-1.077,-0.352,0.109,0.236,271.5,64.67,62.4,72.27,296420.0,198.0,-1.3199999999999998
2023,Brice Garnett,-0.013,-0.118,-0.137,0.104,0.136,288.7,64.61,70.48,71.552,492959.0,163.0,-0.15100000000000002
2023,Byeong Hun An,0.698,0.447,0.048,0.396,-0.194,315.6,52.17,64.13,70.244,3231760.0,44.0,0.891
2023,C.T. Pan,0.015,-0.196,0.247,0.054,-0.09,296.6,61.45,70.51,70.857,1272421.0,120.0,0.10499999999999998
2023,Callum Tarren,-0.061,0.188,0.168,-0.229,-0.188,312.0,50.69,67.68,71.203,1780943.0,91.0,0.12699999999999997
2023,Cam Davis,0.738,0.514,0.16,0.191,-0.127,311.0,55.39,67.77,70.175,5001208.0,48.0,0.865
2023,Cameron Champ,-0.453,0.49,-0.061,-0.57,-0.312,317.9,59.93,69.3,71.445,1103852.0,143.0,-0.14099999999999996
2023,Cameron Percy,-0.094,0.17,-0.091,-0.027,-0.147,289.3,63.45,69.4,71.622,574605.0,152.0,0.05200000000000002
2023,Cameron Young,0.333,0.581,0.072,-0.019,-0.287,315.7,59.05,68.99,70.515,5392961.0,42.0,0.6339999999999999
2023,Camilo Villegas,,,,,,,,,,1951764.0,224.0,
2023,Carl Yuan,-0.351,0.171,-0.164,-0.212,-0.148,306.8,54.33,67.26,71.466,1167050.0,151.0,-0.205
2023,Carson Young,-0.149,0.086,0.066,-0.425,0.124,295.6,65.58,69.58,71.194,1707716.0,111.0,-0.273
2023,Chad Ramey,-0.016,-0.015,-0.239,-0.079,0.316,294.3,60.89,66.83,71.368,1513390.0,115.0,-0.333
2023,Charley Hoffman,-0.119,-0.037,0.408,-0.006,-0.485,306.1,55.67,68.38,71.197,994186.0,137.0,0.365
2023,Chesson Hadley,0.177,-0.168,0.343,-0.388,0.389,299.3,58.25,69.27,70.917,1503167.0,121.0,-0.213
2023,Chez Reavie,-0.199,-0.229,0.367,-0.213,-0.124,288.4,65.8,68.52,71.596,2264759.0,95.0,-0.07500000000000001
2023,Chris Kirk,0.819,0.009,0.392,0.283,0.134,296.4,61.35,66.67,70.417,4150252.0,32.0,0.6839999999999999
2023,Chris Stroud,-0.213,-0.412,0.229,-0.078,0.048,289.2,60.25,68.71,71.612,449238.0,168.0,-0.26099999999999995
2023,Christiaan Bezuidenhout,0.215,-0.38,0.151,0.205,0.239,291.4,61.45,65.11,70.747,1886083.0,109.0,-0.02400000000000002
2023,Cody Gribble,-0.21,0.16,-0.059,-0.002,-0.309,299.9,60.51,67.54,71.45,640107.0,146.0,0.099
2023,Collin Morikawa,1.438,0.487,1.012,0.047,-0.109,296.2,68.03,70.99,69.429,7573198.0,6.0,1.546
2023,Corey Conners,0.918,0.586,0.534,-0.066,-0.136,300.6,61.4,70.22,70.144,5545721.0,26.0,1.054
2023,D.A. Points,,,,,,,,,,83872.0,230.0,
2023,D.J. Trahan,,,,,,,,,,92850.0,232.0,
2023,Danny Lee,,,,,,,,,,316795.0,186.0,
2023,Danny Willett,-0.129,-0.147,-0.213,0.115,0.115,292.1,58.03,61.19,71.344,1791651.0,85.0,-0.245
2023,David Lingmerth,-0.57,-0.498,-0.061,-0.072,0.06,278.5,67.0,61.05,71.541,2227332.0,80.0,-0.6309999999999999
2023,David Lipsky,-0.21,-0.133,0.33,0.059,-0.466,292.7,63.25,67.48,71.14,1716258.0,98.0,0.256
2023,Davis Riley,-0.112,-0.017,0.361,-0.323,-0.133,305.9,58.92,66.01,71.038,2856707.0,59.0,0.020999999999999963
2023,Davis Thompson,0.157,0.449,-0.198,0.058,-0.152,310.3,60.39,69.39,70.855,2191482.0,73.0,0.309
2023,Denny McCarthy,1.004,0.035,0.102,0.143,0.724,295.5,61.5,66.94,69.825,6760012.0,33.0,0.28
2023,Derek Ernst,,,,,,,,,,52898.0,219.0,
2023,Derek Lamely,,,,,,,,,,52205.0,220.0,
2023,Doc Redman,-0.45,0.052,-0.134,-0.388,0.02,293.5,62.21,69.94,71.546,595132.0,159.0,-0.47000000000000003
2023,Doug Ghim,0.297,0.247,0.174,0.093,-0.218,297.7,67.85,71.51,70.952,1437263.0,117.0,0.514
2023,Dylan Frittelli,-1.258,-0.695,-0.62,0.016,0.041,303.2,46.99,59.62,72.552,683295.0,160.0,-1.299
2023,Dylan Wu,0.595,0.006,0.253,0.007,0.33,298.2,60.45,70.39,70.545,1757267.0,86.0,0.266
2023,Emiliano Grillo,0.266,0.203,0.213,-0.194,0.055,301.3,61.35,67.99,70.579,5476302.0,29.0,0.22200000000000003
2023,Eric Cole,1.064,-0.268,0.545,0.282,0.505,299.0,54.27,65.92,69.757,5457030.0,43.0,0.5589999999999999
2023,Erik Barnes,,,,,,,,,,422239.0,171.0,
2023,Erik van Rooyen,-0.415,0.063,0.056,-0.367,-0.168,304.9,58.06,68.38,71.309,2457390.0,131.0,-0.248
2023,Ernie Els,,,,,,,,,,46200.0,238.0,
2023,Fabián Gómez,,,,,,,,,,143701.0,209.0,
2023,Francesco Molinari,,,,,,,,,,566848.0,184.0,
2023,Fred Couples,,,,,,,,,,46080.0,229.0,
2023,Garrick Higgo,0.221,0.509,-0.291,-0.098,0.101,310.8,57.26,66.88,71.095,1784592.0,76.0,0.12000000000000002
2023,Gary Woodland,0.358,0.533,0.741,-0.349,-0.568,313.8,58.23,67.94,70.542,2256535.0,94.0,0.925
2023,Geoff Ogilvy,,,,,,,,,,173140.0,206.0,
2023,George McNeill,,,,,,,,,,16834.0,237.0,
2023,Grayson Murray,,,,,,,,,,437066.0,164.0,
2023,Greg Chalmers,,,,,,,,,,88172.0,218.0,
2023,Greyson Sigg,0.385,0.064,0.207,0.096,0.018,295.8,61.43,69.26,70.788,1615856.0,106.0,0.367
2023,Hank Lebioda,-0.956,-0.359,-0.221,-0.367,-0.008,297.6,58.68,67.58,72.3,382836.0,199.0,-0.947
2023,Harris English,0.516,-0.288,0.138,0.178,0.488,297.3,62.07,64.6,70.414,5600689.0,38.0,0.028000000000000025
2023,Harrison Endycott,-0.355,-0.169,-0.184,0.111,-0.113,293.2,62.37,66.23,71.637,840303.0,129.0,-0.242
2023,Harry Hall,0.149,-0.404,-0.304,0.158,0.698,299.8,54.0,66.39,70.846,1564358.0,88.0,-0.5499999999999999
2023,Harry Higgs,-1.226,-0.487,-0.844,-0.113,0.218,301.6,53.87,64.68,71.982,718748.0,132.0,-1.444
2023,Hayden Buckley,0.023,0.611,-0.104,-0.535,0.051,304.4,65.09,68.65,70.887,2929779.0,60.0,-0.028000000000000025
2023,Henrik Norlander,-0.424,-0.182,-0.004,0.04,-0.279,292.3,62.1,69.11,71.484,1158809.0,141.0,-0.146
2023,Hideki Matsuyama,0.902,0.086,0.609,0.324,-0.119,297.2,59.52,66.86,70.181,3874772.0,50.0,1.019
2023,J.B. Holmes,,,,,,,,,,58884.0,232.0,
2023,J.J. Spaun,0.587,0.293,0.268,0.237,-0.212,298.8,63.69,70.53,70.424,3060779.0,62.0,0.7979999999999999
2023,J.T. Poston,0.647,-0.081,0.296,0.038,0.395,297.0,60.47,68.83,70.202,3699409.0,39.0,0.25299999999999995
2023,James Hahn,-0.328,0.315,-0.159,-0.28,-0.204,298.9,64.63,68.33,71.728,576584.0,165.0,-0.12400000000000003
2023,Jason Day,0.855,0.346,-0.02,0.192,0.336,304.2,61.67,66.74,70.018,6922758.0,28.0,0.518
2023,Jason Dufner,-0.586,-0.111,0.101,0.122,-0.697,299.1,58.02,68.62,71.87,525090.0,172.0,0.112
2023,Jerry Kelly,,,,,,,,,,58000.0,235.0,
2023,Jhonattan Vegas,,,,,,,,,,375361.0,187.0,
2023,Jim Herman,-1.413,-0.038,-0.579,-0.3,-0.497,290.0,65.92,67.46,72.506,372745.0,195.0,-0.917
2023,Jimmy Walker,-0.214,-0.216,-0.12,0.1,0.022,307.2,52.31,64.08,71.536,1111220.0,124.0,-0.23599999999999996
2023,Joel Dahmen,-0.186,0.184,0.114,0.119,-0.603,296.1,63.12,67.09,70.951,1996174.0,84.0,0.417
2023,John Huh,,,,,,,,,,121256.0,213.0,
2023,Jon Rahm,1.679,0.36,0.878,0.104,0.336,314.0,57.68,70.5,69.037,16522608.0,18.0,1.342
2023,Jonas Blixt,,,,,,,,,,241393.0,197.0,
2023,Jonathan Byrd,-0.74,-0.299,-0.515,0.527,-0.454,289.3,61.29,65.19,71.865,322026.0,183.0,-0.28700000000000003
2023,Jordan Spieth,0.71,0.2,0.173,0.25,0.086,303.6,56.83,64.04,70.15,7240044.0,27.0,0.623
2023,Joseph Bramlett,0.454,0.226,0.368,0.157,-0.297,312.4,51.86,68.33,70.58,1597911.0,89.0,0.751
2023,Justin Lower,-0.028,-0.243,0.073,-0.212,0.354,294.2,59.37,66.56,71.225,1426711.0,103.0,-0.382
2023,Justin Rose,1.193,-0.044,0.56,0.272,0.404,295.2,62.67,65.85,69.693,4635120.0,34.0,0.788
2023,Justin Suh,0.119,0.052,-0.068,-0.394,0.529,299.4,63.35,66.33,70.646,3075821.0,81.0,-0.41000000000000003
2023,Justin Thomas,0.836,0.198,0.362,0.436,-0.161,308.5,55.19,65.74,70.52,3566403.0,71.0,0.996
2023,K.H. Lee,0.345,0.035,0.063,0.257,-0.01,300.7,59.57,68.59,70.679,2883904.0,77.0,0.355
2023,Keegan Bradley,0.885,0.202,0.237,0.0,0.447,305.6,58.49,67.07,70.05,9010040.0,9.0,0.439
2023,Keith Mitchell,0.483,0.743,-0.288,-0.027,0.054,313.7,63.32,67.73,70.652,3062484.0,64.0,0.428
2023,Kelly Kraft,-0.427,-0.198,-0.245,-0.292,0.308,287.3,66.69,66.98,71.536,722098.0,191.0,-0.735
2023,Kevin Chappell,-0.157,-0.165,0.121,-0.073,-0.04,302.0,55.44,68.06,71.517,362455.0,179.0,-0.117
2023,Kevin Kisner,,,,,,,,,,335671.0,202.0,
2023,Kevin Roy,-0.269,-0.132,0.574,-0.13,-0.581,303.4,58.37,68.49,71.496,478670.0,174.0,0.31199999999999994
2023,Kevin Stadler,,,,,,,,,,21318.0,239.0,
2023,Kevin Streelman,0.166,0.007,0.142,0.135,-0.118,297.3,59.83,66.61,71.149,1636664.0,87.0,0.28400000000000003
2023,Kevin Tway,-0.231,0.046,-0.15,-0.134,0.019,308.1,52.59,67.93,71.279,815058.0,147.0,-0.238
2023,Kevin Yu,0.236,0.803,0.204,0.033,-0.804,311.3,61.5,72.61,70.808,1232379.0,99.0,1.04
2023,Kramer Hickok,-0.359,0.024,-0.132,-0.061,-0.191,296.7,63.44,68.61,71.393,1017832.0,139.0,-0.169
2023,Kurt Kitayama,0.125,-0.117,0.285,0.106,-0.149,306.2,51.46,63.27,70.534,6840062.0,36.0,0.27399999999999997
2023,Kyle Stanley,,,,,,,,,,84721.0,227.0,
2023,Kyle Westmoreland,-0.897,0.093,-0.51,-0.05,-0.431,313.5,47.59,66.46,72.114,308365.0,196.0,-0.467
2023,Lanto Griffin,-0.295,0.149,-0.405,-0.08,0.041,302.3,63.65,68.52,71.754,514634.0,201.0,-0.336
2023,Lee Hodges,0.431,0.245,0.18,-0.16,0.165,300.3,60.14,65.52,70.623,3749468.0,40.0,0.265
2023,Lucas Glover,0.444,0.282,0.566,-0.061,-0.344,294.9,68.86,70.5,70.874,6399296.0,18.0,0.7869999999999999
2023,Lucas Herbert,-0.252,0.181,-0.496,-0.337,0.398,304.5,55.83,62.1,71.104,1192273.0,153.0,-0.652
2023,Ludvig Åberg,1.507,0.982,-0.006,0.209,0.322,317.1,65.47,73.33,69.603,3144994.0,135.0,1.185
2023,Luke Donald,,,,,,,,,,456642.0,182.0,
2023,Luke List,0.164,0.641,0.267,-0.123,-0.623,311.3,54.47,70.78,70.981,3029125.0,119.0,0.785
2023,MJ Daffue,-0.211,0.571,-0.374,-0.199,-0.209,310.5,58.46,66.99,71.483,830919.0,118.0,-0.0020000000000000573
2023,Mackenzie Hughes,0.201,-0.32,-0.23,0.383,0.367,299.5,55.35,65.61,70.749,4318591.0,51.0,-0.16700000000000004
2023,Mark Hubbard,0.614,-0.182,0.572,0.203,0.02,292.6,61.23,68.2,70.561,2932685.0,67.0,0.593
2023,Martin Laird,-0.234,-0.194,-0.042,0.051,-0.05,292.4,65.79,69.63,71.386,1258725.0,112.0,-0.18500000000000003
2023,Martin Trainer,-1.099,-0.364,-0.65,-0.032,-0.053,302.2,56.41,65.17,72.232,509265.0,178.0,-1.046
2023,Matt Fitzpatrick,0.921,0.211,-0.053,0.238,0.525,304.1,56.61,65.14,70.079,8144543.0,9.0,0.396
2023,Matt Kuchar,0.567,0.027,0.035,0.359,0.145,294.4,63.29,67.89,70.353,3840222.0,66.0,0.421
2023,Matt NeSmith,0.091,0.006,0.245,-0.03,-0.13,297.1,62.27,69.47,70.87,2410629.0,70.0,0.221
2023,Matt Wallace,-0.052,-0.423,0.172,0.228,-0.03,302.7,54.84,64.62,70.98,1451971.0,82.0,-0.022999999999999993
2023,Matthias Schwab,-1.021,-0.443,-0.446,0.242,-0.374,294.0,61.53,65.59,71.907,847328.0,149.0,-0.647
2023,Matti Schmid,-0.18,0.237,-0.016,-0.473,0.071,314.1,59.93,68.57,71.751,1064025.0,148.0,-0.252
2023,Maverick McNealy,0.227,-0.601,-0.269,0.141,0.956,299.9,54.67,63.14,70.509,1328512.0,108.0,-0.729
2023,Max Homa,1.638,0.317,0.475,0.233,0.612,304.8,60.15,66.86,69.516,10761517.0,9.0,1.0250000000000001
2023,Max McGreevy,-1.73,-0.439,-0.79,0.025,-0.527,290.2,59.17,63.59,72.507,422905.0,175.0,-1.2040000000000002
2023,Michael Gligic,-1.409,-0.081,-0.534,-0.513,-0.281,304.6,52.61,64.16,72.794,169449.0,207.0,-1.1280000000000001
2023,Michael Kim,0.35,-0.019,0.224,0.05,0.094,305.0,58.61,68.16,70.764,2206882.0,79.0,0.255
2023,Michael Thompson,,,,,,,,,,438817.0,177.0,
2023,Mike Weir,,,,,,,,,,21438.0,234.0,
2023,Mito Pereira,,,,,,,,,,789784.0,140.0,
2023,Nate Lashley,0.351,-0.105,0.318,0.063,0.074,297.4,60.72,69.73,70.834,1749031.0,97.0,0.276
2023,Nicholas Lindheim,,,,,,,,,,187577.0,217.0,
2023,Nick Hardy,0.144,0.09,0.221,-0.214,0.048,309.2,57.28,69.11,70.694,2845184.0,52.0,0.097
2023,Nick Taylor,0.67,-0.123,0.37,0.181,0.241,293.7,58.49,65.59,70.309,6242461.0,25.0,0.428
2023,Nick Watney,-1.908,-1.343,-0.191,-0.181,-0.193,295.8,48.54,63.45,72.906,263725.0,194.0,-1.715
2023,Nico Echavarria,-0.931,-0.113,-0.416,-0.237,-0.165,299.4,59.67,65.74,71.586,1035131.0,107.0,-0.766
2023,Nicolai Hojgaard,0.731,-0.061,0.36,0.016,0.415,317.7,50.16,68.96,69.994,,,0.315
2023,Padraig Harrington,,,,,,,,,,528807.0,180.0,
2023,Patrick Cantlay,1.869,0.852,0.564,0.147,0.305,308.6,65.51,69.75,69.19,10372998.0,5.0,1.563
2023,Patrick Rodgers,0.493,0.199,-0.059,0.19,0.161,308.8,54.05,65.63,70.321,3026193.0,49.0,0.33
2023,Patton Kizzire,-0.38,-0.266,-0.029,0.031,-0.116,300.8,57.94,66.67,71.319,1161610.0,122.0,-0.264
2023,Paul Haley II,-1.044,-0.352,-0.441,-0.012,-0.238,284.1,65.75,64.79,72.019,755188.0,134.0,-0.8049999999999999
2023,Peter Kuest,0.773,0.488,0.052,-0.342,0.575,321.7,61.27,73.79,70.588,,,0.198
2023,Peter Malnati,-0.182,-0.571,-0.312,0.265,0.436,295.2,51.63,62.81,71.53,1369804.0,116.0,-0.618
2023,Philip Knowles,,,,,,,,,,53421.0,223.0,
2023,Richard Johnson,,,,,,,,,,8208.0,240.0,
2023,Richy Werenski,-0.76,-0.137,-0.802,-0.138,0.316,300.5,58.38,62.79,72.017,617783.0,145.0,-1.077
2023,Rickie Fowler,1.426,0.126,0.74,0.269,0.29,308.1,58.51,68.11,69.576,7864161.0,16.0,1.135
2023,Ricky Barnes,,,,,,,,,,190721.0,203.0,
2023,Robby Shelton,-0.076,-0.296,0.125,0.219,-0.123,294.1,59.11,65.49,71.037,1743610.0,92.0,0.048000000000000015
2023,Robert Garrigus,,,,,,,,,,48425.0,,
2023,Robert Streb,-0.684,-0.037,-0.229,0.023,-0.441,297.6,56.98,66.53,71.74,402060.0,173.0,-0.24300000000000002
2023,Rory McIlroy,2.102,0.907,0.721,0.309,0.164,326.3,53.25,67.88,68.777,13921008.0,4.0,1.937
2023,Rory Sabbatini,,,,,,,,,,149009.0,210.0,
2023,Russell Henley,0.882,0.197,0.556,0.249,-0.121,290.9,72.57,69.51,69.759,6332282.0,14.0,1.0020000000000002
2023,Russell Knox,-0.293,-0.511,0.54,-0.046,-0.277,285.3,62.7,71.69,71.498,692454.0,144.0,-0.016999999999999973
2023,Ryan Armour,-0.53,-0.153,-0.043,-0.126,-0.208,283.6,71.1,69.08,71.651,539788.0,156.0,-0.322
2023,Ryan Brehm,-1.159,-0.376,-0.554,-0.44,0.212,308.1,48.96,64.53,72.61,596227.0,169.0,-1.37
2023,Ryan Gerard,-0.21,-0.148,0.25,0.13,-0.443,297.7,58.95,65.05,71.469,,,0.232
2023,Ryan Moore,0.171,-0.112,0.522,-0.211,-0.029,287.0,70.15,69.41,71.115,1234755.0,150.0,0.19900000000000004
2023,Ryan Palmer,-0.068,0.21,0.223,-0.158,-0.343,301.2,61.92,67.93,71.087,1244899.0,155.0,0.275
2023,S.H. Kim,0.466,0.412,-0.435,0.21,0.278,308.7,56.53,63.36,70.824,2464522.0,83.0,0.18699999999999997
2023,S.Y. Noh,-0.743,-0.624,-0.335,-0.01,0.224,303.7,52.59,66.67,71.634,468487.0,158.0,-0.9690000000000001
2023,Sahith Theegala,0.788,-0.139,0.175,0.267,0.485,304.9,52.85,64.94,70.219,7284670.0,31.0,0.303
2023,Sam Burns,0.796,0.266,-0.1,0.046,0.584,311.4,56.61,63.65,70.233,7139050.0,9.0,0.21200000000000002
2023,Sam Ryder,0.556,-0.385,0.484,-0.036,0.493,294.3,57.08,66.77,70.559,2946215.0,61.0,0.06299999999999997
2023,Sam Stevens,0.154,0.4,-0.049,0.116,-0.314,310.6,55.75,67.45,70.845,2208792.0,65.0,0.467
2023,Sangmoon Bae,,,,,,,,,,57871.0,226.0,
2023,Satoshi Kodaira,-0.245,-0.131,0.115,0.171,-0.401,287.1,71.0,69.14,71.26,699577.0,185.0,0.15500000000000003
2023,Scott Brown,,,,,,,,,,78995.0,221.0,
2023,Scott Harrington,-0.67,0.149,-0.246,-0.114,-0.441,308.1,52.74,66.39,71.996,300546.0,189.0,-0.21100000000000002
2023,Scott Piercy,-0.144,-0.098,-0.017,-0.02,-0.009,293.3,60.32,65.15,71.14,861981.0,130.0,-0.135
2023,Scott Stallings,-0.288,0.031,-0.138,0.09,-0.272,301.1,56.36,65.94,71.366,1758306.0,128.0,-0.017000000000000015
2023,Scottie Scheffler,2.314,1.021,1.194,0.399,-0.301,310.3,62.09,74.43,68.629,21014342.0,6.0,2.614
2023,Seamus Power,-0.046,-0.034,-0.354,0.139,0.202,300.0,58.75,65.45,70.847,3792807.0,41.0,-0.249
2023,Sean O'Hair,-0.405,-0.031,-0.193,-0.043,-0.139,293.3,62.38,66.56,71.533,489032.0,157.0,-0.267
2023,Sebastián Muñoz,,,,,,,,,,183818.0,208.0,
2023,Sepp Straka,0.474,-0.01,0.509,-0.242,0.216,299.5,64.49,68.24,70.597,5287574.0,14.0,0.257
2023,Shane Lowry,0.822,0.408,0.461,0.067,-0.114,303.8,64.0,66.31,70.132,2588707.0,78.0,0.9359999999999999
2023,Si Woo Kim,0.676,0.462,0.321,0.201,-0.308,296.9,67.8,65.89,70.229,5397030.0,20.0,0.984
2023,Stephan Jaeger,0.834,0.332,0.213,0.387,-0.09,306.1,57.86,70.49,70.185,2478083.0,56.0,0.932
2023,Stewart Cink,-0.41,-0.317,-0.108,0.098,-0.084,305.5,52.7,66.04,71.203,743246.0,167.0,-0.32699999999999996
2023,Sung Kang,-0.876,-0.61,0.013,-0.183,-0.097,289.0,52.11,67.23,72.497,292639.0,193.0,-0.78
2023,Sungjae Im,1.049,0.467,0.095,0.279,0.207,299.3,62.98,66.45,69.839,6665921.0,24.0,0.8410000000000001
2023,Tano Goya,-0.28,0.145,-0.445,0.156,-0.136,303.1,61.55,68.7,71.398,595760.0,161.0,-0.14400000000000004
2023,Taylor Montgomery,0.477,-0.206,-0.515,0.278,0.919,303.8,54.45,62.96,70.424,3079378.0,53.0,-0.44299999999999995
2023,Taylor Moore,0.349,-0.041,-0.039,0.015,0.414,307.1,55.91,64.14,70.56,5077211.0,29.0,-0.065
2023,Taylor Pendrith,0.195,0.32,0.014,-0.113,-0.026,310.4,55.62,69.53,71.012,1880027.0,114.0,0.22100000000000003
2023,Ted Potter Jr.,,,,,,,,,,112208.0,214.0,
2023,Thomas Detry,0.328,0.029,-0.056,0.095,0.259,307.7,57.81,65.21,70.478,2481116.0,55.0,0.068
2023,Tiger Woods,,,,,,,,,,59560.0,228.0,
2023,Tom Hoge,0.482,-0.253,0.706,-0.134,0.162,295.9,59.17,67.36,70.567,4723610.0,46.0,0.31899999999999995
2023,Tom Kim,0.949,0.128,0.655,0.05,0.115,297.6,67.49,69.51,69.832,7774918.0,20.0,0.8330000000000001
2023,Tommy Fleetwood,1.699,0.388,0.462,0.355,0.493,302.3,61.82,64.56,69.248,6510641.0,6.0,1.205
2023,Tommy Gainey,,,,,,,,,,137388.0,212.0,
2023,Tony Finau,1.124,0.288,0.789,0.178,-0.133,304.2,60.7,69.11,69.933,5867652.0,20.0,1.255
2023,Trevor Cone,-0.345,0.55,-0.179,-0.503,-0.197,314.0,53.63,69.65,71.99,494936.0,162.0,-0.13199999999999995
2023,Trevor Werbylo,-1.042,-0.137,-0.757,0.036,-0.185,305.7,51.44,64.12,72.156,309436.0,188.0,-0.858
2023,Trey Mullinax,-0.537,-0.111,0.032,-0.132,-0.328,311.8,48.89,63.54,71.789,1413549.0,126.0,-0.21100000000000002
2023,Troy Merritt,-0.324,-0.026,-0.075,0.206,-0.429,293.4,65.83,65.28,71.685,1302362.0,133.0,0.105
2023,Tyler Duncan,-0.093,0.484,-0.125,-0.348,-0.104,298.8,67.43,70.8,71.036,1917561.0,110.0,0.01100000000000001
2023,Tyrrell Hatton,1.678,0.533,0.419,0.128,0.597,306.5,59.41,66.38,69.435,8336912.0,16.0,1.08
2023,Tyson Alexander,-0.952,-0.426,-0.291,0.057,-0.293,299.5,53.3,63.86,71.87,1433633.0,104.0,-0.6599999999999999
2023,Viktor Hovland,1.648,0.741,0.61,0.06,0.236,307.6,63.7,68.18,69.123,14112235.0,1.0,1.411
2023,Vince Whaley,,,,,,,,,,706130.0,222.0,
2023,Vincent Norrman,0.24,0.469,0.084,-0.03,-0.283,314.2,57.85,69.02,70.755,1628489.0,69.0,0.5229999999999999
2023,Webb Simpson,-0.301,-0.221,0.051,-0.095,-0.036,299.6,62.17,63.45,71.305,908929.0,136.0,-0.265
2023,Wesley Bryan,-1.074,-0.446,-0.423,0.278,-0.483,299.6,53.96,64.93,72.01,297461.0,190.0,-0.591
2023,Will Gordon,-0.073,0.358,0.154,-0.416,-0.169,311.4,61.57,70.82,70.96,1449632.0,100.0,0.09600000000000003
2023,Will Zalatoris,,,,,,,,,,1474780.0,138.0,
2023,William McGirt,-0.052,-0.352,-0.056,0.102,0.255,280.0,65.72,65.83,71.652,281110.0,200.0,-0.306
2023,Wyndham Clark,1.201,0.139,0.436,0.255,0.37,313.5,54.91,67.76,69.642,10757490.0,3.0,0.83
2023,Xander Schauffele,1.869,0.265,0.88,0.056,0.667,304.1,57.46,68.45,69.127,8459066.0,2.0,1.201
2023,Zac Blair,0.05,-0.264,0.093,0.218,0.004,281.6,68.12,66.45,71.009,2469218.0,93.0,0.046999999999999986
2023,Zach Johnson,-0.429,-0.199,-0.31,-0.029,0.109,290.1,65.86,65.77,71.274,807499.0,154.0,-0.538
2023,Zecheng Dou,-0.369,0.127,-0.142,0.085,-0.44,302.6,54.49,67.58,71.489,1099906.0,123.0,0.07000000000000002
2024,Aaron Baddeley,-0.499,-1.031,-0.359,0.404,0.487,283.4,57.92,63.39,71.828,471410.0,154.0,-0.9859999999999999
2024,Aaron Rai,1.185,0.303,0.676,0.152,0.054,293.8,72.02,71.58,70.027,4613515.0,23.0,1.131
2024,Adam Hadwin,-0.028,-0.002,-0.053,0.004,0.023,297.6,61.98,64.91,71.018,4052108.0,47.0,-0.051000000000000004
2024,Adam Long,,,,,,,,,,32063.0,220.0,
2024,Adam Schenk,-0.411,0.188,-0.531,-0.094,0.026,302.1,60.05,65.16,71.617,1861382.0,80.0,-0.43700000000000006
2024,Adam Scott,0.938,0.321,0.114,0.104,0.399,307.1,58.28,66.35,69.969,4753172.0,4.0,0.539
2024,Adam Svensson,0.1,0.059,0.344,0.145,-0.447,297.4,65.7,67.55,70.976,2014485.0,76.0,0.5479999999999999
2024,Adrian Meronk,,,,,,,,,,45238.0,219.0,
2024,Adrien Dumont de Chassart,-1.207,-0.336,-0.379,-0.227,-0.266,302.6,55.54,66.22,71.821,822656.0,166.0,-0.9420000000000001
2024,Akshay Bhatia,0.748,0.188,0.264,-0.048,0.345,299.8,65.5,66.02,70.448,5344905.0,26.0,0.404
2024,Alejandro Tosti,-0.713,0.547,-0.602,-0.244,-0.414,315.6,52.93,65.06,71.895,1086746.0,129.0,-0.29899999999999993
2024,Alex Cejka,,,,,,,,,,38525.0,228.0,
2024,Alex Noren,1.011,0.118,0.286,0.394,0.213,295.5,63.78,68.28,70.005,3649210.0,37.0,0.798
2024,Alex Smalley,-0.351,0.352,-0.086,-0.198,-0.418,307.5,62.43,70.65,71.346,1102220.0,130.0,0.068
2024,Alexander Björk,,,,,,,,,,414659.0,167.0,
2024,Anders Albertson,,,,,,,,,,8760.0,236.0,
2024,Andrew Novak,0.786,0.159,0.43,0.2,-0.003,298.7,58.76,71.15,70.141,2507992.0,86.0,0.7889999999999999
2024,Andrew Putnam,0.297,-0.485,0.212,0.28,0.289,280.8,65.7,68.92,70.941,2054544.0,73.0,0.007000000000000006
2024,Austin Cook,,,,,,,,,,230622.0,182.0,
2024,Austin Eckroat,0.301,0.333,0.395,-0.243,-0.172,300.8,67.86,66.17,70.633,5054871.0,45.0,0.485
2024,Austin Smotherman,0.108,0.236,0.456,-0.027,-0.557,299.8,64.77,73.17,71.31,414237.0,189.0,0.6649999999999999
2024,Beau Hossler,0.593,0.086,-0.374,0.385,0.496,302.7,59.66,69.54,70.462,2607962.0,85.0,0.09699999999999998
2024,Ben Crane,,,,,,,,,,13662.0,,
2024,Ben Griffin,0.716,-0.12,0.327,0.271,0.238,295.6,59.21,69.79,70.192,3459847.0,61.0,0.47800000000000004
2024,Ben Kohles,-0.348,0.015,0.169,-0.332,-0.201,290.9,70.57,70.0,71.386,1853159.0,83.0,-0.14800000000000002
2024,Ben Martin,,,,,,,,,,605828.0,152.0,
2024,Ben Silverman,0.717,0.097,-0.008,0.078,0.55,293.9,62.89,70.09,70.492,1262599.0,109.0,0.16699999999999998
2024,Ben Taylor,-1.067,-0.675,-0.644,0.139,0.113,299.4,54.52,63.71,72.267,258058.0,184.0,-1.18
2024,Bill Haas,,,,,,,,,,98084.0,199.0,
2024,Billy Horschel,0.731,0.146,0.007,0.136,0.442,299.4,63.76,66.45,69.875,5037278.0,23.0,0.28900000000000003
2024,Blaine Hale Jr.,-1.388,-0.384,-0.157,-0.661,-0.187,307.1,53.46,65.28,72.697,108473.0,211.0,-1.202
2024,Brandon Wu,-0.458,-0.478,-0.006,0.164,-0.138,291.5,61.97,67.7,71.43,750748.0,153.0,-0.31999999999999995
2024,Brandt Snedeker,-1.164,-0.561,-0.697,-0.054,0.147,281.0,62.03,63.7,72.589,238234.0,208.0,-1.312
2024,Brendon Todd,-0.112,-0.398,-0.423,0.3,0.409,279.8,68.07,63.08,71.058,2461227.0,63.0,-0.5209999999999999
2024,Brian Harman,0.788,0.083,0.322,0.092,0.291,292.7,67.19,65.84,70.39,5201770.0,31.0,0.497
2024,Brian Stuard,,,,,,,,,,8360.0,238.0,
2024,Brice Garnett,-0.15,-0.173,0.185,0.263,-0.424,289.2,70.51,71.06,71.028,1340330.0,88.0,0.275
2024,Bronson Burgoon,,,,,,,,,,222850.0,188.0,
2024,Bud Cauley,0.313,0.176,0.161,0.15,-0.175,299.7,61.73,70.58,70.844,638703.0,186.0,0.487
2024,Byeong Hun An,0.499,0.404,0.181,-0.006,-0.079,317.1,53.33,67.63,70.627,5871643.0,21.0,0.579
2024,C.T. Pan,0.541,-0.023,0.159,0.36,0.045,294.4,64.43,67.8,70.549,1801097.0,93.0,0.496
2024,Callum Tarren,-1.247,-0.344,-0.092,-0.182,-0.629,306.9,52.99,66.43,72.117,287924.0,181.0,-0.6179999999999999
2024,Cam Davis,-0.426,-0.109,-0.105,0.041,-0.254,303.2,61.08,63.49,71.404,4039533.0,36.0,-0.173
2024,Cameron Champ,-0.16,0.883,-0.716,-0.637,0.31,322.8,60.94,68.32,71.519,352843.0,164.0,-0.47
2024,Cameron Young,0.262,0.375,0.116,0.005,-0.234,308.9,59.61,66.19,70.841,4057224.0,44.0,0.496
2024,Camilo Villegas,-1.988,-0.96,-0.251,-0.057,-0.72,284.9,57.8,66.28,72.92,232296.0,194.0,-1.2679999999999998
2024,Carl Yuan,-0.807,0.23,-0.359,-0.048,-0.63,309.8,59.26,63.11,72.065,1013322.0,128.0,-0.177
2024,Carson Young,0.257,0.301,0.153,-0.327,0.129,295.6,70.5,69.57,70.742,1937622.0,114.0,0.12699999999999995
2024,Chad Ramey,-0.057,-0.116,-0.402,0.056,0.406,293.9,65.07,68.81,71.192,1266025.0,111.0,-0.462
2024,Chan Kim,0.508,0.242,0.354,0.323,-0.412,301.8,64.58,70.69,70.544,1405653.0,94.0,0.919
2024,Chandler Phillips,0.453,0.005,0.101,0.026,0.322,295.1,64.42,65.39,70.47,1714290.0,97.0,0.132
2024,Charley Hoffman,0.116,0.135,0.17,0.052,-0.241,304.4,58.37,66.98,70.895,1805659.0,81.0,0.35700000000000004
2024,Chesson Hadley,-0.046,0.062,-0.154,-0.22,0.265,305.0,59.5,68.43,71.206,628066.0,138.0,-0.312
2024,Chez Reavie,-0.198,-0.437,0.394,0.137,-0.292,287.8,68.43,69.12,71.391,495555.0,159.0,0.09400000000000003
2024,Chris Gotterup,-0.139,0.253,-0.419,0.109,-0.083,316.2,49.54,67.68,71.224,1170837.0,95.0,-0.05699999999999998
2024,Chris Kirk,0.105,0.266,0.155,0.11,-0.427,299.9,65.53,65.8,71.013,6061136.0,27.0,0.531
2024,Chris Stroud,,,,,,,,,,8200.0,239.0,
2024,Christiaan Bezuidenhout,0.641,-0.233,0.237,0.177,0.459,290.7,59.49,62.06,70.363,5026363.0,29.0,0.18099999999999997
2024,Cody Gribble,,,,,,,,,,107722.0,193.0,
2024,Collin Morikawa,1.203,0.417,0.292,0.374,0.121,296.0,70.15,65.19,69.794,8383572.0,2.0,1.083
2024,Corey Conners,0.962,0.411,0.776,-0.057,-0.168,301.2,64.29,70.31,70.24,4061539.0,39.0,1.1300000000000001
2024,Daniel Berger,0.287,0.385,0.218,0.087,-0.404,298.1,70.42,71.2,70.766,1665242.0,140.0,0.69
2024,Danny Willett,,,,,,,,,,84200.0,212.0,
2024,Darren Clarke,,,,,,,,,,38525.0,228.0,
2024,David Hearn,,,,,,,,,,19458.0,233.0,
2024,David Lipsky,-0.397,-0.415,0.263,0.139,-0.385,289.6,62.92,68.28,71.478,1543061.0,165.0,-0.012999999999999956
2024,David Skinns,-0.159,-0.234,0.27,-0.113,-0.082,302.8,55.2,69.99,71.385,1225402.0,107.0,-0.077
2024,Davis Riley,-0.63,-0.36,-0.486,-0.074,0.289,303.6,56.62,64.31,71.767,2163701.0,72.0,-0.9199999999999999
2024,Davis Thompson,1.06,0.28,0.306,0.432,0.042,306.3,61.88,68.64,69.944,4420940.0,34.0,1.018
2024,Denny McCarthy,0.716,-0.324,-0.017,0.358,0.699,290.6,62.62,62.64,70.459,4022193.0,35.0,0.01699999999999996
2024,Doug Ghim,0.871,0.413,0.659,-0.011,-0.191,297.2,68.04,72.65,70.293,2435308.0,92.0,1.0610000000000002
2024,Dylan Frittelli,,,,,,,,,,18924.0,225.0,
2024,Dylan Wu,0.045,-0.287,0.18,0.048,0.103,295.6,61.01,68.13,71.122,1029380.0,119.0,-0.05899999999999998
2024,Emiliano Grillo,0.05,0.057,0.272,-0.408,0.129,292.5,63.64,65.88,71.05,2355824.0,68.0,-0.07899999999999996
2024,Eric Cole,0.287,-0.346,0.204,0.172,0.258,297.2,57.25,62.67,70.828,3726147.0,50.0,0.03
2024,Erik Barnes,-1.868,-1.143,-0.662,-0.035,-0.028,302.3,53.68,61.63,72.881,719536.0,133.0,-1.84
2024,Erik van Rooyen,0.56,0.278,0.095,-0.216,0.403,308.2,59.89,69.83,70.783,2572256.0,62.0,0.157
2024,Francesco Molinari,,,,,,,,,,259679.0,205.0,
2024,Garrick Higgo,-0.583,-0.184,-0.377,-0.088,0.066,308.8,57.1,67.86,71.46,947868.0,150.0,-0.6489999999999999
2024,Gary Woodland,-0.22,0.053,0.268,-0.312,-0.229,313.1,54.97,66.25,71.126,915153.0,155.0,0.009000000000000008
2024,Grayson Murray,,,,,,,,,,2471532.0,66.0,
2024,Greyson Sigg,0.08,-0.066,0.414,0.234,-0.502,294.0,65.21,71.49,70.778,1349623.0,132.0,0.582
2024,Harris English,0.359,0.095,-0.325,0.097,0.491,301.9,65.36,65.89,70.709,3402062.0,57.0,-0.133
2024,Harrison Endycott,,,,,,,,,,112809.0,195.0,
2024,Harry Hall,0.672,-0.181,0.167,0.406,0.279,301.5,57.52,66.39,70.423,1779095.0,87.0,0.392
2024,Harry Higgs,,,,,,,,,,64180.0,218.0,
2024,Hayden Buckley,-0.746,0.069,-0.298,-0.233,-0.284,298.0,65.49,65.81,72.052,686629.0,139.0,-0.46199999999999997
2024,Hayden Springer,0.357,0.269,-0.119,0.031,0.177,311.1,59.42,69.21,70.92,1149279.0,126.0,0.18100000000000002
2024,Henrik Norlander,0.448,0.034,0.571,0.021,-0.178,295.3,67.97,71.72,70.754,1082157.0,131.0,0.626
2024,Hideki Matsuyama,1.268,0.306,0.499,0.58,-0.118,299.4,58.8,66.74,70.123,11257969.0,9.0,1.3849999999999998
2024,J.B. Holmes,,,,,,,,,,14563.0,,
2024,J.J. Spaun,0.39,-0.016,0.469,-0.029,-0.035,301.5,61.73,70.9,70.79,1645746.0,98.0,0.42399999999999993
2024,J.T. Poston,0.486,-0.011,0.012,0.233,0.252,293.1,65.49,66.08,70.577,5271598.0,41.0,0.234
2024,Jacob Bridgeman,0.557,-0.251,0.084,0.14,0.584,300.6,59.5,68.38,70.581,1250191.0,121.0,-0.02699999999999997
2024,Jake Knapp,-0.323,-0.045,0.001,-0.197,-0.082,309.5,56.23,65.41,71.63,3102773.0,59.0,-0.241
2024,James Hahn,,,,,,,,,,98669.0,200.0,
2024,Jason Day,0.483,0.132,-0.343,0.153,0.541,300.8,61.16,63.45,70.758,4117518.0,33.0,-0.058000000000000024
2024,Jhonattan Vegas,0.565,0.611,0.433,-0.198,-0.28,313.9,59.05,72.3,70.486,2309280.0,70.0,0.8460000000000001
2024,Jim Herman,,,,,,,,,,10253.0,230.0,
2024,Jimmy Stanger,,,,,,,,,,604066.0,142.0,
2024,Jimmy Walker,,,,,,,,,,9848.0,231.0,
2024,Joe Highsmith,0.026,0.066,0.061,0.167,-0.269,306.5,62.55,70.32,70.903,1340018.0,160.0,0.29400000000000004
2024,Joel Dahmen,-0.073,0.278,0.486,-0.144,-0.693,294.0,67.39,71.04,71.258,1340088.0,118.0,0.62
2024,Jonathan Byrd,,,,,,,,,,37287.0,227.0,
2024,Jordan Spieth,0.265,0.5,-0.204,-0.024,-0.006,306.9,62.45,65.87,70.844,2732591.0,67.0,0.272
2024,Jorge Campillo,0.241,-0.096,0.157,0.29,-0.11,296.7,61.76,66.35,70.563,605997.0,136.0,0.351
2024,Joseph Bramlett,0.216,0.355,0.103,0.23,-0.472,311.0,56.1,69.91,70.975,647205.0,149.0,0.688
2024,Josh Teater,-1.421,-0.122,-0.36,-0.077,-0.862,298.1,63.71,68.38,72.535,62192.0,224.0,-0.5589999999999999
2024,José María Olazábal,,,,,,,,,,57200.0,212.0,
2024,Justin Lower,0.201,-0.234,0.166,-0.081,0.35,295.2,60.63,69.59,70.549,2418975.0,91.0,-0.14900000000000002
2024,Justin Rose,-0.445,-0.061,-0.377,-0.029,0.022,297.5,63.2,63.3,71.109,3058683.0,55.0,-0.467
2024,Justin Suh,-0.324,-0.203,-0.523,-0.187,0.589,300.2,63.23,67.04,71.493,467291.0,162.0,-0.913
2024,Justin Thomas,0.762,0.135,0.639,0.466,-0.478,309.1,55.83,65.59,70.2,5223561.0,14.0,1.24
2024,K.H. Lee,0.209,0.118,-0.233,0.168,0.155,301.9,63.32,67.66,70.897,1519732.0,101.0,0.05299999999999999
2024,Keegan Bradley,0.34,0.173,0.301,0.008,-0.141,305.5,62.55,67.09,70.748,6879455.0,21.0,0.482
2024,Keith Mitchell,0.822,0.615,0.531,0.006,-0.33,311.8,59.09,70.44,70.311,2340999.0,77.0,1.152
2024,Kelly Kraft,,,,,,,,,,417905.0,172.0,
2024,Kevin Chappell,-0.299,-0.112,-0.307,0.063,0.058,300.7,59.49,68.25,71.365,521738.0,168.0,-0.356
2024,Kevin Dougherty,-0.539,0.766,-0.518,-0.372,-0.414,316.8,56.19,68.82,71.828,219150.0,187.0,-0.124
2024,Kevin Kisner,-1.691,-0.732,-0.65,-0.414,0.105,282.8,62.23,62.35,72.724,175278.0,198.0,-1.796
2024,Kevin Streelman,-0.238,0.064,-0.053,-0.044,-0.205,297.5,64.35,68.12,71.466,761677.0,178.0,-0.032999999999999995
2024,Kevin Tway,0.145,0.177,-0.565,0.171,0.362,306.2,62.29,70.28,70.805,973927.0,124.0,-0.21699999999999994
2024,Kevin Yu,0.336,0.539,0.319,-0.233,-0.288,308.0,59.66,71.54,70.599,3285759.0,90.0,0.6250000000000001
2024,Kurt Kitayama,0.738,0.446,0.608,0.118,-0.433,308.7,59.29,68.85,70.314,2474411.0,74.0,1.1720000000000002
2024,Kyle Stanley,,,,,,,,,,8800.0,234.0,
2024,Lanto Griffin,-0.133,0.204,0.168,-0.377,-0.129,304.8,62.1,72.53,71.211,570142.0,171.0,-0.0050000000000000044
2024,Lee Hodges,-0.209,-0.023,0.363,-0.247,-0.302,296.6,66.75,68.13,71.318,2479597.0,79.0,0.09299999999999997
2024,Lucas Glover,0.646,-0.017,0.71,0.168,-0.215,289.9,69.31,69.12,70.673,2876201.0,78.0,0.861
2024,Ludvig Åberg,1.064,0.502,0.434,-0.008,0.135,310.1,62.38,68.15,69.988,9833547.0,16.0,0.9279999999999999
2024,Luke Donald,,,,,,,,,,23538.0,226.0,
2024,Luke List,-0.316,0.103,-0.16,-0.25,-0.01,304.7,58.47,67.97,71.455,2637149.0,75.0,-0.307
2024,MJ Daffue,,,,,,,,,,74076.0,202.0,
2024,Mac Meissner,0.706,0.184,0.405,0.172,-0.056,302.8,62.05,69.98,70.466,1456769.0,89.0,0.7609999999999999
2024,Mackenzie Hughes,0.705,-0.289,-0.192,0.444,0.742,298.2,54.85,63.68,70.425,3769962.0,52.0,-0.03699999999999998
2024,Mark Hubbard,0.297,0.054,0.249,-0.024,0.017,294.7,66.69,68.18,70.522,2757076.0,69.0,0.27899999999999997
2024,Martin Laird,-0.218,-0.357,-0.328,0.303,0.164,290.5,60.86,69.37,71.2,770034.0,147.0,-0.38200000000000006
2024,Martin Trainer,-1.381,-0.649,-1.028,-0.051,0.347,302.2,55.19,62.11,72.551,692415.0,141.0,-1.728
2024,Matt Fitzpatrick,0.406,0.036,-0.122,0.075,0.417,299.0,63.18,64.4,70.751,3705463.0,40.0,-0.010999999999999996
2024,Matt Kuchar,0.245,-0.228,-0.124,0.245,0.351,288.3,66.07,66.44,70.819,1469667.0,105.0,-0.10699999999999998
2024,Matt McCarty,,,,,,,,,,1366340.0,,
2024,Matt NeSmith,-0.484,-0.02,-0.065,-0.213,-0.187,297.7,63.87,70.6,71.68,855341.0,122.0,-0.298
2024,Matt Wallace,0.317,-0.246,0.225,0.268,0.069,298.7,55.74,69.53,70.607,1036722.0,112.0,0.24700000000000003
2024,Matthieu Pavon,-0.014,0.027,0.249,-0.414,0.125,300.9,63.18,65.96,70.948,5254412.0,17.0,-0.13799999999999996
2024,Matti Schmid,0.311,0.259,0.035,-0.243,0.26,308.2,61.02,69.73,70.907,1646191.0,125.0,0.051000000000000045
2024,Maverick McNealy,1.037,0.391,-0.08,0.374,0.351,302.5,61.22,67.93,70.104,4708358.0,53.0,0.685
2024,Max Greyserman,0.87,0.18,0.013,-0.072,0.749,311.0,59.1,68.54,69.998,4297356.0,48.0,0.12100000000000001
2024,Max Homa,-0.054,-0.383,0.145,0.208,-0.025,300.2,56.62,63.71,71.176,3843467.0,46.0,-0.030000000000000027
2024,Michael Kim,0.184,-0.239,0.311,0.027,0.084,302.9,58.1,70.16,70.618,1484233.0,117.0,0.099
2024,Michael Thorbjornsen,,,,,,,,,,1281590.0,137.0,
2024,Min Woo Lee,0.478,0.69,-0.213,0.111,-0.11,314.8,57.44,65.4,70.549,2611021.0,60.0,0.588
2024,Nate Lashley,0.236,-0.243,0.212,0.219,0.047,293.0,66.96,69.97,71.074,1471105.0,103.0,0.188
2024,Nicholas Lindheim,,,,,,,,,,67855.0,210.0,
2024,Nick Dunlap,-0.155,-0.245,0.205,-0.109,-0.006,307.3,55.25,64.26,71.205,2930385.0,49.0,-0.14900000000000002
2024,Nick Hardy,-0.093,0.253,0.223,-0.378,-0.191,304.5,59.38,70.5,71.396,770435.0,163.0,0.09799999999999998
2024,Nick Taylor,0.133,-0.12,0.243,0.051,-0.042,293.2,61.7,64.79,71.155,3249358.0,58.0,0.174
2024,Nick Watney,,,,,,,,,,137940.0,201.0,
2024,Nico Echavarria,0.023,-0.029,0.03,-0.062,0.083,295.4,65.28,70.08,70.853,3583634.0,110.0,-0.061
2024,Nicolai Højgaard,-0.176,0.013,0.359,-0.316,-0.231,309.1,54.3,65.11,71.31,1741996.0,82.0,0.055999999999999994
2024,Norman Xiong,,,,,,,,,,234154.0,192.0,
2024,Padraig Harrington,,,,,,,,,,170534.0,180.0,
2024,Parker Coody,-0.289,-0.148,0.242,-0.159,-0.223,303.9,53.29,66.06,71.334,380854.0,161.0,-0.065
2024,Patrick Cantlay,0.664,0.187,0.024,0.218,0.234,302.7,58.42,63.08,70.549,6279965.0,17.0,0.429
2024,Patrick Fishburn,0.48,0.616,-0.083,-0.13,0.078,308.8,62.68,74.21,70.706,1928584.0,104.0,0.403
2024,Patrick Rodgers,0.208,0.189,-0.191,0.086,0.125,306.1,59.14,69.83,70.74,3247174.0,54.0,0.08399999999999999
2024,Patton Kizzire,0.288,-0.062,0.458,0.059,-0.167,301.7,63.31,71.95,71.054,1908579.0,134.0,0.455
2024,Paul Barjon,-1.804,0.085,-0.898,-0.932,-0.059,313.0,57.47,63.0,72.869,328507.0,179.0,-1.745
2024,Paul Haley II,,,,,,,,,,9160.0,232.0,
2024,Peter Malnati,-0.578,-0.589,-0.308,0.061,0.257,297.7,52.69,61.41,71.685,2520248.0,65.0,-0.8360000000000001
2024,Philip Knowles,,,,,,,,,,47617.0,,
2024,Pierceson Coody,-0.074,0.072,-0.378,-0.273,0.505,312.6,58.38,68.66,71.256,1052529.0,120.0,-0.579
2024,Rafael Campos,-0.723,-0.18,0.061,-0.315,-0.288,303.8,59.98,68.33,71.426,1857846.0,148.0,-0.434
2024,Raul Pereda,-1.879,-0.836,-1.047,-0.137,0.142,290.1,56.77,57.33,73.227,48617.0,221.0,-2.02
2024,Richy Werenski,,,,,,,,,,90455.0,203.0,
2024,Rickie Fowler,-0.21,-0.18,-0.117,-0.049,0.136,297.7,60.59,65.01,71.546,1767709.0,108.0,-0.346
2024,Rico Hoey,0.423,0.586,0.155,-0.064,-0.254,309.3,63.49,70.9,70.731,1792875.0,102.0,0.677
2024,Robby Shelton,-0.353,-0.577,-0.162,0.351,0.036,291.6,59.77,64.69,71.367,791414.0,144.0,-0.388
2024,Robert MacIntyre,0.725,0.288,-0.051,0.166,0.321,304.9,56.64,65.97,70.266,5400384.0,17.0,0.403
2024,Robert Streb,,,,,,,,,,45034.0,216.0,
2024,Roger Sloan,0.069,-0.348,0.098,0.139,0.181,293.2,64.22,67.34,71.622,352344.0,175.0,-0.11099999999999996
2024,Rory McIlroy,1.412,0.73,0.26,0.248,0.173,320.2,60.29,65.7,69.914,10893790.0,9.0,1.238
2024,Russell Henley,0.95,0.014,0.343,0.289,0.304,291.3,69.49,64.99,70.215,5080969.0,4.0,0.646
2024,Russell Knox,,,,,,,,,,87950.0,206.0,
2024,Ryan Armour,,,,,,,,,,8360.0,237.0,
2024,Ryan Brehm,-1.336,0.103,-0.555,-0.521,-0.363,309.0,57.83,66.11,72.795,518538.0,158.0,-0.9730000000000001
2024,Ryan Fox,0.132,0.175,0.008,-0.232,0.181,310.9,52.32,65.95,70.712,1378822.0,106.0,-0.049000000000000016
2024,Ryan McCormick,-0.786,-0.52,-0.151,-0.284,0.17,306.2,55.08,68.49,72.083,473255.0,169.0,-0.9550000000000001
2024,Ryan Moore,0.013,-0.048,0.427,0.214,-0.58,288.3,70.38,68.83,71.264,702589.0,146.0,0.593
2024,Ryan Palmer,-0.875,0.125,-0.475,-0.111,-0.414,298.8,65.1,63.23,72.044,163716.0,191.0,-0.46099999999999997
2024,Ryo Hisatsune,0.271,0.041,0.181,-0.016,0.065,295.4,63.43,70.44,70.654,1637598.0,84.0,0.20600000000000002
2024,S.H. Kim,-0.177,-0.206,-0.626,0.164,0.491,303.9,56.94,62.17,71.205,1150991.0,113.0,-0.6679999999999999
2024,S.Y. Noh,,,,,,,,,,315960.0,176.0,
2024,Sahith Theegala,0.944,0.35,0.272,0.064,0.257,305.7,59.04,67.86,70.373,8474215.0,3.0,0.6859999999999999
2024,Sam Burns,1.003,0.265,0.173,0.069,0.496,307.4,61.62,64.69,70.203,6185830.0,12.0,0.507
2024,Sam Ryder,-0.422,-0.332,0.263,-0.227,-0.127,292.8,65.83,67.85,71.417,1136740.0,127.0,-0.29600000000000004
2024,Sam Stevens,0.541,0.433,-0.296,0.098,0.306,306.3,59.38,70.01,70.612,1701220.0,96.0,0.23500000000000001
2024,Sami Valimaki,-0.211,0.067,-0.036,-0.303,0.06,299.2,59.93,65.09,71.375,1273129.0,99.0,-0.27199999999999996
2024,Sangmoon Bae,,,,,,,,,,34900.0,234.0,
2024,Satoshi Kodaira,,,,,,,,,,15980.0,,
2024,Scott Gutschewski,,,,,,,,,,53135.0,217.0,
2024,Scott Piercy,,,,,,,,,,259346.0,190.0,
2024,Scott Stallings,,,,,,,,,,258915.0,177.0,
2024,Scottie Scheffler,2.496,0.816,1.269,0.316,0.095,303.8,66.9,73.16,68.645,29228357.0,1.0,2.401
2024,Seamus Power,0.377,0.059,0.238,0.039,0.041,300.3,64.52,67.88,70.681,3033654.0,56.0,0.33599999999999997
2024,Sean O'Hair,,,,,,,,,,175537.0,185.0,
2024,Sepp Straka,0.205,0.253,0.303,-0.333,-0.018,294.7,70.04,67.53,70.906,4601079.0,27.0,0.22300000000000003
2024,Shane Lowry,0.657,0.234,0.531,-0.033,-0.076,300.4,66.02,66.98,70.342,6095881.0,9.0,0.732
2024,Si Woo Kim,0.761,0.28,0.506,0.193,-0.218,294.8,67.16,65.4,70.274,4526733.0,32.0,0.9790000000000001
2024,Stephan Jaeger,0.392,0.309,-0.086,0.159,0.01,310.3,60.56,66.03,70.825,4732554.0,43.0,0.382
2024,Stewart Cink,,,,,,,,,,378476.0,173.0,
2024,Sung Kang,,,,,,,,,,33725.0,215.0,
2024,Sungjae Im,0.8,0.344,0.054,0.264,0.138,298.8,63.61,65.13,70.294,6286205.0,7.0,0.6619999999999999
2024,Taylor Montgomery,-0.704,-1.352,-0.442,0.224,0.866,289.7,49.06,60.49,71.916,1154178.0,116.0,-1.57
2024,Taylor Moore,0.21,0.261,-0.289,0.048,0.19,306.8,59.08,66.39,70.961,2843944.0,64.0,0.02000000000000003
2024,Taylor Pendrith,0.88,0.149,0.186,-0.047,0.592,313.6,57.39,67.03,70.185,4797854.0,14.0,0.288
2024,Thomas Detry,0.231,0.12,-0.196,-0.226,0.532,303.3,58.98,63.35,70.6,3614669.0,42.0,-0.30200000000000005
2024,Thorbjørn Olesen,0.101,-0.372,0.022,0.2,0.251,302.1,55.45,63.77,70.965,500887.0,157.0,-0.14999999999999997
2024,Tiger Woods,,,,,,,,,,44400.0,223.0,
2024,Tom Hoge,0.483,-0.062,0.754,-0.247,0.037,296.2,60.72,67.66,70.727,4841123.0,29.0,0.44499999999999995
2024,Tom Kim,0.371,0.132,0.263,0.057,-0.081,299.0,64.92,66.17,70.715,4124968.0,51.0,0.452
2024,Tom Whitney,-0.602,0.197,0.231,-0.392,-0.637,296.5,65.36,69.2,71.734,493082.0,183.0,0.03600000000000003
2024,Tommy Fleetwood,0.659,0.302,0.099,0.218,0.04,300.4,69.22,67.29,70.442,4609158.0,20.0,0.619
2024,Tommy Gainey,,,,,,,,,,21480.0,214.0,
2024,Tony Finau,1.033,0.161,0.808,0.36,-0.296,308.4,58.36,68.99,70.332,5706467.0,23.0,1.3290000000000002
2024,Trace Crowe,-0.075,-0.134,-0.069,0.055,0.074,301.8,59.96,66.5,71.322,698201.0,135.0,-0.14800000000000002
2024,Trey Mullinax,,,,,,,,,,79133.0,,
2024,Troy Merritt,-0.293,-0.123,0.163,0.049,-0.381,292.8,66.12,66.07,71.56,741117.0,143.0,0.08900000000000001
2024,Tyler Duncan,-0.625,0.264,-0.541,-0.124,-0.224,297.6,67.01,67.62,71.655,428016.0,174.0,-0.401
2024,Tyrrell Hatton,,,,,,,,,,1191868.0,100.0,
2024,Tyson Alexander,-0.883,-0.806,-0.468,0.077,0.314,303.3,56.43,63.19,72.102,432172.0,170.0,-1.197
2024,Victor Perez,0.482,0.084,0.305,-0.033,0.126,301.1,60.1,68.52,70.238,2068163.0,71.0,0.356
2024,Vijay Singh,,,,,,,,,,45000.0,222.0,
2024,Viktor Hovland,0.721,0.507,0.458,-0.514,0.269,305.1,60.65,67.84,70.7,4616727.0,12.0,0.45100000000000007
2024,Vince Whaley,-0.177,-0.62,-0.337,0.263,0.518,306.0,54.7,66.74,71.067,1474033.0,123.0,-0.6940000000000001
2024,Vincent Norrman,-1.374,0.214,-0.313,-0.322,-0.954,311.0,58.27,68.25,72.321,192332.0,196.0,-0.42100000000000004
2024,Webb Simpson,-0.144,-0.1,-0.321,0.576,-0.299,300.2,58.87,61.76,71.209,606011.0,151.0,0.15499999999999992
2024,Wesley Bryan,-0.118,0.047,-0.142,0.135,-0.158,302.6,60.57,69.78,70.922,989580.0,156.0,0.04000000000000002
2024,Will Gordon,,,,,,,,,,179220.0,209.0,
2024,Will Zalatoris,0.016,0.128,0.197,-0.127,-0.181,302.5,59.96,65.32,70.849,4569320.0,38.0,0.198
2024,William McGirt,,,,,,,,,,100592.0,204.0,
2024,Wilson Furr,-0.55,-0.102,-0.399,-0.025,-0.024,311.7,54.19,66.47,72.107,221091.0,197.0,-0.526
2024,Wyndham Clark,1.032,0.42,0.075,0.061,0.476,314.0,55.25,65.34,70.444,10901416.0,8.0,0.556
2024,Xander Schauffele,1.941,0.557,0.678,0.195,0.51,308.5,60.84,69.97,69.137,18385320.0,4.0,1.4300000000000002
2024,Zac Blair,-0.087,-0.294,0.11,0.21,-0.114,283.0,67.37,66.67,71.158,1137653.0,115.0,0.025999999999999995
2024,Zach Johnson,0.318,-0.099,-0.121,0.117,0.42,284.1,66.27,66.2,70.772,496380.0,145.0,-0.103
2024,Zecheng Dou,,,,,,,,,,43568.0,207.0,
2025,Aaron Baddeley,,,,,,,,,,167011.0,186.0,
2025,Aaron Rai,0.808,0.391,0.476,0.077,-0.134,289.6,73.85,70.52,70.234,3274601.0,53.0,0.944
2025,Aaron Wise,,,,,,,,,,22709.0,224.0,
2025,Adam Hadwin,-0.619,-0.15,-0.476,-0.044,0.051,300.2,61.72,65.46,71.655,1065596.0,136.0,-0.67
2025,Adam Schenk,-0.192,0.066,-0.076,-0.145,-0.037,304.9,56.31,64.96,71.141,2016294.0,133.0,-0.15499999999999997
2025,Adam Scott,0.448,0.348,0.17,0.03,-0.1,304.9,58.33,66.08,70.82,1803164.0,90.0,0.548
2025,Adam Svensson,-0.289,-0.235,0.23,0.274,-0.559,296.0,66.2,69.26,71.256,487188.0,162.0,0.269
2025,Adrien Dumont de Chassart,,,,,,,,,,29450.0,211.0,
2025,Akshay Bhatia,0.638,0.024,0.575,-0.238,0.277,298.7,60.51,67.5,70.558,4882187.0,13.0,0.361
2025,Aldrich Potgieter,0.181,0.572,-0.137,-0.37,0.116,325.0,55.63,64.55,71.151,3038146.0,52.0,0.06499999999999995
2025,Alejandro Tosti,-0.223,0.352,-0.162,0.167,-0.58,314.2,56.15,64.53,71.143,1010144.0,114.0,0.357
2025,Alex Noren,,,,,,,,,,1346680.0,105.0,
2025,Alex Smalley,0.694,0.447,0.057,0.095,0.098,306.2,63.86,68.36,70.277,2322173.0,79.0,0.599
2025,Anders Albertson,,,,,,,,,,56282.0,219.0,
2025,Andrew Novak,0.319,0.053,-0.083,0.188,0.162,301.0,57.03,60.59,70.796,7621332.0,25.0,0.158
2025,Andrew Putnam,0.433,-0.716,0.347,0.443,0.36,280.5,71.32,69.8,70.826,1321178.0,96.0,0.07400000000000001
2025,Antoine Rozner,-0.216,0.038,0.488,-0.329,-0.412,307.9,57.67,69.41,71.404,660090.0,148.0,0.197
2025,Austin Cook,,,,,,,,,,112640.0,202.0,
2025,Austin Eckroat,-0.042,0.25,0.209,-0.397,-0.104,300.5,66.38,68.02,71.475,1650155.0,107.0,0.061999999999999944
2025,Beau Hossler,0.023,-0.301,-0.386,0.449,0.261,304.0,54.22,63.95,71.054,1518562.0,89.0,-0.23800000000000004
2025,Ben Griffin,1.223,0.196,0.466,0.153,0.407,305.1,60.03,69.66,69.692,11724352.0,10.0,0.8150000000000001
2025,Ben Kohles,0.231,0.117,0.642,-0.018,-0.51,295.5,72.39,72.22,71.067,623477.0,153.0,0.741
2025,Ben Martin,-0.192,-0.234,-0.051,-0.015,0.109,297.5,60.91,67.01,71.127,259050.0,174.0,-0.30000000000000004
2025,Ben Silverman,-0.191,-0.048,-0.442,0.084,0.215,300.0,63.75,66.83,71.252,747656.0,163.0,-0.40599999999999997
2025,Bill Haas,,,,,,,,,,8680.0,233.0,
2025,Billy Horschel,,,,,,,,,,1483614.0,102.0,
2025,Braden Thornberry,-1.07,-0.623,-0.815,0.052,0.316,302.2,53.42,63.84,72.14,301674.0,190.0,-1.386
2025,Brandon Wu,,,,,,,,,,8760.0,230.0,
2025,Brandt Snedeker,0.255,-0.311,-0.06,0.052,0.574,284.3,69.0,66.16,70.922,1177890.0,129.0,-0.319
2025,Brendon Todd,,,,,,,,,,32500.0,226.0,
2025,Brian Campbell,-0.675,-1.009,-0.028,0.131,0.231,278.4,66.77,61.19,71.392,3370767.0,46.0,-0.9059999999999999
2025,Brian Harman,0.221,-0.023,0.047,0.133,0.064,294.7,63.14,65.2,70.725,5547660.0,13.0,0.157
2025,Brian Stuard,,,,,,,,,,8280.0,235.0,
2025,Brice Garnett,-0.095,-0.071,-0.26,0.072,0.164,291.4,69.27,69.44,71.313,606128.0,151.0,-0.259
2025,Bud Cauley,0.724,0.198,0.411,-0.009,0.123,301.8,60.96,65.66,70.236,3321090.0,47.0,0.6
2025,Byeong Hun An,-0.214,0.372,-0.349,0.177,-0.414,306.6,54.22,65.03,71.254,2601640.0,74.0,0.2
2025,C.T. Pan,,,,,,,,,,186829.0,192.0,
2025,Cam Davis,-0.679,-0.347,-0.197,-0.125,-0.01,302.2,53.9,62.59,71.745,2093245.0,69.0,-0.669
2025,Cameron Champ,,,,,,,,,,761464.0,132.0,
2025,Cameron Young,0.802,0.317,-0.124,-0.033,0.642,313.2,53.85,64.18,70.51,8789813.0,4.0,0.16
2025,Camilo Villegas,-0.627,-0.725,0.01,0.004,0.083,289.9,52.59,64.01,71.68,733788.0,164.0,-0.711
2025,Carl Yuan,,,,,,,,,,17920.0,225.0,
2025,Carson Young,-0.145,0.194,0.097,-0.345,-0.091,294.8,66.95,69.37,71.186,1060007.0,128.0,-0.05399999999999994
2025,Chad Ramey,0.017,-0.008,-0.09,-0.102,0.216,299.2,64.51,68.21,70.99,1475202.0,118.0,-0.2
2025,Chan Kim,-0.099,-0.224,0.255,0.133,-0.262,303.1,60.58,66.74,71.071,981744.0,113.0,0.164
2025,Chandler Phillips,-0.131,-0.273,-0.042,0.195,-0.011,297.6,61.07,64.79,71.151,1518764.0,124.0,-0.12
2025,Charley Hoffman,,,,,,,,,,715102.0,143.0,
2025,Chesson Hadley,,,,,,,,,,101470.0,195.0,
2025,Chez Reavie,,,,,,,,,,54576.0,218.0,
2025,Chris Gotterup,0.585,0.566,-0.013,0.029,0.004,316.7,55.75,70.33,70.151,4844784.0,10.0,0.582
2025,Chris Kirk,0.28,0.123,0.33,0.11,-0.283,298.2,61.15,67.64,70.95,2939050.0,51.0,0.5630000000000001
2025,Christiaan Bezuidenhout,0.378,-0.38,-0.014,0.313,0.458,290.0,65.46,66.54,70.724,2434490.0,76.0,-0.08100000000000002
2025,Cody Gribble,,,,,,,,,,8640.0,231.0,
2025,Collin Morikawa,0.892,0.492,0.765,-0.052,-0.313,298.3,70.65,69.23,70.313,7915347.0,19.0,1.205
2025,Corey Conners,0.683,0.388,0.315,-0.153,0.133,298.2,66.64,69.2,70.26,8167903.0,4.0,0.55
2025,Cristobal Del Solar,-1.194,-0.628,-0.445,-0.238,0.117,304.4,51.55,63.5,72.404,250132.0,176.0,-1.311
2025,Daniel Berger,0.528,0.422,0.524,-0.196,-0.221,302.6,66.63,67.93,70.4,4099049.0,45.0,0.75
2025,Danny Walker,0.048,-0.035,-0.102,0.0,0.185,307.6,55.58,64.68,71.462,1561918.0,98.0,-0.137
2025,Danny Willett,,,,,,,,,,550599.0,158.0,
2025,David Ford,,,,,,,,,,319398.0,232.0,
2025,David Lipsky,-0.205,-0.228,0.298,0.062,-0.337,293.9,65.35,67.5,71.477,1411093.0,91.0,0.13199999999999998
2025,David Skinns,-0.196,-0.229,0.279,-0.049,-0.197,308.6,58.48,68.26,71.334,783457.0,137.0,0.0010000000000000148
2025,Davis Riley,-0.44,-0.42,-0.519,0.325,0.174,305.6,55.21,62.33,71.676,2481818.0,61.0,-0.6140000000000001
2025,Davis Thompson,0.427,0.45,0.117,0.136,-0.277,304.8,64.04,68.73,70.984,2389148.0,71.0,0.7030000000000001
2025,Denny McCarthy,0.616,-0.258,0.232,-0.014,0.656,295.6,60.53,65.74,70.473,3854852.0,40.0,-0.039999999999999994
2025,Doug Ghim,0.015,0.272,0.521,0.13,-0.907,302.7,64.27,70.05,70.987,1023221.0,126.0,0.923
2025,Dylan Frittelli,,,,,,,,,,27400.0,213.0,
2025,Dylan Wu,,,,,,,,,,486226.0,170.0,
2025,Emiliano Grillo,0.512,0.184,0.303,-0.261,0.286,300.3,68.47,68.52,70.51,2315983.0,68.0,0.22599999999999998
2025,Eric Cole,0.016,-0.476,0.15,0.134,0.207,297.6,57.49,63.7,71.147,2293402.0,80.0,-0.19199999999999995
2025,Erik van Rooyen,-0.224,0.186,0.017,-0.026,-0.401,307.9,59.3,66.83,71.403,2142196.0,70.0,0.17700000000000002
2025,Francesco Molinari,,,,,,,,,,219875.0,201.0,
2025,Frankie Capan III,-1.409,-1.21,-0.665,-0.027,0.492,301.9,45.48,59.7,72.088,1108327.0,154.0,-1.902
2025,Garrick Higgo,0.782,0.127,-0.114,0.107,0.661,312.9,58.14,71.64,70.032,2448383.0,99.0,0.12
2025,Gary Woodland,0.412,0.248,0.364,-0.429,0.229,313.0,59.0,67.54,70.594,2044795.0,72.0,0.183
2025,George McNeill,,,,,,,,,,25362.0,217.0,
2025,Gordon Sargent,,,,,,,,,,113848.0,205.0,
2025,Greyson Sigg,0.086,0.065,0.427,0.093,-0.498,295.8,65.48,69.79,71.137,726811.0,160.0,0.585
2025,Harris English,0.616,0.247,-0.055,-0.007,0.431,304.3,61.39,66.14,70.143,8820952.0,13.0,0.185
2025,Harrison Endycott,,,,,,,,,,59040.0,236.0,
2025,Harry Hall,1.178,-0.069,-0.017,0.384,0.881,303.6,58.05,65.01,69.764,4309601.0,17.0,0.298
2025,Harry Higgs,-0.458,0.065,-0.176,-0.373,0.026,307.6,58.9,64.93,71.602,908846.0,112.0,-0.484
2025,Hayden Buckley,-0.901,0.038,-0.147,-0.311,-0.48,304.8,64.93,67.08,72.143,329253.0,173.0,-0.42
2025,Hayden Springer,0.146,0.187,-0.249,-0.154,0.361,309.4,57.72,65.79,70.875,1031846.0,122.0,-0.216
2025,Henrik Norlander,-0.138,-0.32,0.639,-0.237,-0.22,295.5,64.02,68.38,71.226,965040.0,115.0,0.08200000000000002
2025,Hideki Matsuyama,0.755,-0.171,0.483,0.477,-0.034,300.2,58.5,65.7,70.214,6650152.0,29.0,0.7889999999999999
2025,Isaiah Salinda,-0.242,0.546,-0.181,-0.065,-0.543,311.6,61.64,68.47,71.391,1363322.0,104.0,0.30000000000000004
2025,J.J. Spaun,1.158,0.291,0.738,0.017,0.113,306.1,62.05,69.54,69.83,13278222.0,25.0,1.0459999999999998
2025,J.T. Poston,0.423,0.125,0.07,0.194,0.033,295.4,65.75,65.28,70.694,3066616.0,49.0,0.389
2025,Jackson Suber,-0.016,-0.198,0.268,-0.123,0.037,308.7,56.69,67.53,71.21,1238087.0,117.0,-0.05299999999999999
2025,Jacob Bridgeman,0.33,-0.079,-0.104,0.099,0.413,302.5,60.28,64.79,70.573,4437269.0,27.0,-0.08399999999999999
2025,Jake Knapp,0.617,0.248,0.003,-0.089,0.456,313.4,55.62,67.6,70.6,3012401.0,55.0,0.162
2025,James Hahn,,,,,,,,,,88032.0,200.0,
2025,Jason Day,0.451,0.092,-0.113,0.301,0.171,300.3,61.06,66.04,70.48,3740375.0,41.0,0.27999999999999997
2025,Jason Dufner,,,,,,,,,,44625.0,237.0,
2025,Jeremy Paul,-0.203,-0.055,-0.184,0.001,0.035,305.5,57.41,68.9,70.961,823634.0,131.0,-0.238
2025,Jesper Svensson,0.529,0.562,-0.166,0.081,0.052,319.0,56.39,67.06,70.596,1276427.0,110.0,0.47700000000000004
2025,Jhonattan Vegas,0.0,0.262,0.123,-0.101,-0.285,309.0,54.24,66.82,71.103,2795198.0,50.0,0.28400000000000003
2025,Joe Highsmith,-0.677,-0.115,-0.352,-0.12,-0.09,299.9,61.6,61.25,71.686,2820859.0,59.0,-0.587
2025,Joel Dahmen,0.01,0.192,0.165,-0.099,-0.248,298.9,70.91,68.8,71.081,1231952.0,93.0,0.258
2025,John Pak,-0.794,-0.35,0.163,-0.049,-0.559,290.3,67.21,66.12,71.66,455169.0,171.0,-0.236
2025,Jonathan Byrd,,,,,,,,,,242568.0,203.0,
2025,Jordan Spieth,0.899,0.313,0.23,0.204,0.152,306.6,58.12,64.62,70.118,3159660.0,54.0,0.747
2025,Joseph Bramlett,0.107,0.333,0.37,0.313,-0.909,316.2,55.86,69.44,70.929,489712.0,155.0,1.016
2025,Justin Leonard,,,,,,,,,,41550.0,220.0,
2025,Justin Lower,-0.473,-0.09,-0.062,-0.249,-0.073,299.7,64.46,66.88,71.417,1299525.0,119.0,-0.401
2025,Justin Rose,0.084,-0.254,0.25,-0.067,0.156,301.9,58.54,63.98,70.614,8857976.0,21.0,-0.07100000000000001
2025,Justin Thomas,1.001,0.078,0.325,0.259,0.34,305.3,53.32,65.28,70.187,10896155.0,7.0,0.662
2025,K.H. Lee,,,,,,,,,,244845.0,181.0,
2025,Kaito Onishi,-1.147,-0.675,-0.4,-0.143,0.071,299.0,59.78,62.74,72.197,145336.0,198.0,-1.2180000000000002
2025,Karl Vilips,-0.825,-0.277,0.032,-0.177,-0.402,308.7,56.95,66.76,71.387,1462629.0,83.0,-0.42200000000000004
2025,Keegan Bradley,0.981,0.316,0.278,0.443,-0.056,306.4,61.39,66.04,70.195,8702812.0,7.0,1.0370000000000001
2025,Keith Mitchell,0.458,0.513,0.173,-0.204,-0.024,314.4,60.07,69.93,70.468,1915085.0,75.0,0.482
2025,Kevin Chappell,,,,,,,,,,18124.0,228.0,
2025,Kevin Kisner,,,,,,,,,,181498.0,185.0,
2025,Kevin Roy,0.47,0.296,0.026,0.016,0.133,305.9,64.92,68.69,70.588,1734139.0,78.0,0.338
2025,Kevin Streelman,,,,,,,,,,226037.0,193.0,
2025,Kevin Tway,,,,,,,,,,51746.0,215.0,
2025,Kevin Velo,-0.941,0.028,-0.359,-0.073,-0.537,299.6,64.19,66.49,72.126,290109.0,184.0,-0.40399999999999997
2025,Kevin Yu,0.794,0.615,0.31,-0.145,0.013,309.4,63.29,70.67,70.463,2536810.0,63.0,0.78
2025,Kris Ventura,0.167,0.099,-0.021,-0.122,0.211,311.1,62.25,68.96,70.841,1145251.0,121.0,-0.044
2025,Kurt Kitayama,0.826,0.535,0.389,0.17,-0.269,318.0,57.75,67.79,70.194,3476376.0,35.0,1.094
2025,Lanto Griffin,0.094,-0.016,0.153,-0.141,0.099,300.2,61.27,66.43,71.18,1037926.0,142.0,-0.003999999999999976
2025,Lee Hodges,0.593,0.115,0.425,0.037,0.016,300.1,65.28,70.35,70.592,1322619.0,103.0,0.5770000000000001
2025,Lucas Glover,0.425,0.117,0.458,0.165,-0.316,292.3,68.36,65.41,70.576,4397743.0,36.0,0.7400000000000001
2025,Ludvig Åberg,0.506,0.524,0.037,-0.107,0.051,313.9,59.52,66.18,70.281,8276973.0,21.0,0.45400000000000007
2025,Luke Clanton,0.037,0.3,0.235,-0.242,-0.256,313.1,59.02,69.94,71.034,251429.0,199.0,0.2929999999999999
2025,Luke Donald,,,,,,,,,,27014.0,223.0,
2025,Luke List,-0.308,0.347,-0.383,-0.129,-0.143,310.2,62.7,66.67,71.666,634020.0,157.0,-0.16500000000000004
2025,Mac Meissner,0.354,-0.214,0.347,0.289,-0.067,304.2,59.69,66.74,70.816,1663113.0,86.0,0.42199999999999993
2025,Mackenzie Hughes,0.015,-0.215,-0.185,0.299,0.116,301.4,56.26,65.01,71.075,2481576.0,65.0,-0.10100000000000003
2025,Mark Hubbard,0.217,-0.042,0.113,-0.05,0.197,300.9,62.05,66.97,70.868,1728601.0,77.0,0.021000000000000005
2025,Martin Laird,,,,,,,,,,158373.0,196.0,
2025,Mason Andersen,-1.282,-0.491,-0.863,0.078,-0.006,295.9,58.05,63.4,72.063,213335.0,197.0,-1.276
2025,Matt Fitzpatrick,0.647,0.103,0.123,0.095,0.326,302.7,61.29,66.74,70.382,3831413.0,34.0,0.32099999999999995
2025,Matt Kuchar,0.556,-0.293,0.136,0.274,0.439,282.3,65.21,65.63,70.584,1295750.0,127.0,0.11700000000000005
2025,Matt McCarty,0.524,0.09,-0.055,0.054,0.435,298.9,65.06,66.8,70.505,2308452.0,82.0,0.089
2025,Matt NeSmith,,,,,,,,,,201635.0,191.0,
2025,Matt Wallace,0.504,-0.117,0.011,0.523,0.085,303.1,59.39,67.04,70.42,1554060.0,92.0,0.41700000000000004
2025,Matteo Manassero,-0.085,-0.982,0.274,0.611,0.012,286.0,60.06,64.96,71.107,617348.0,150.0,-0.09699999999999998
2025,Matthew Riedel,-0.98,-0.106,-0.257,-0.551,-0.066,303.7,58.95,67.74,72.233,268552.0,177.0,-0.914
2025,Matthieu Pavon,-0.939,-0.024,-0.421,-0.57,0.076,298.9,62.66,65.03,72.191,619795.0,166.0,-1.015
2025,Matti Schmid,0.178,0.113,0.059,-0.298,0.304,310.9,57.03,68.62,70.649,2303222.0,67.0,-0.126
2025,Maverick McNealy,0.74,0.185,0.28,-0.075,0.35,306.8,59.15,68.14,70.264,8322575.0,23.0,0.39
2025,Max Greyserman,0.296,-0.074,-0.03,0.138,0.262,308.6,55.82,65.41,70.847,3798185.0,58.0,0.034000000000000016
2025,Max Homa,-0.303,0.005,-0.285,-0.096,0.073,300.8,60.49,66.36,71.545,1636827.0,111.0,-0.376
2025,Max McGreevy,0.19,0.379,0.054,-0.107,-0.135,298.2,68.39,67.89,70.838,1759721.0,97.0,0.326
2025,Michael Brennan,,,,,,,,,,1176000.0,,
2025,Michael Kim,0.563,0.043,0.368,0.155,-0.003,299.7,58.93,64.99,70.435,4105211.0,31.0,0.566
2025,Michael Thorbjornsen,0.359,0.55,0.155,-0.261,-0.084,318.0,64.16,73.0,70.508,2119772.0,88.0,0.44400000000000006
2025,Min Woo Lee,0.086,0.009,-0.43,0.346,0.161,313.8,55.52,63.8,71.058,3301286.0,57.0,-0.07500000000000001
2025,Nate Lashley,-0.126,-0.105,0.147,-0.042,-0.126,299.4,60.11,67.3,71.189,559402.0,146.0,-6.938893903907228e-18
2025,Nick Dunlap,-1.159,-1.471,0.131,0.07,0.112,299.3,51.06,65.39,72.351,1170325.0,135.0,-1.27
2025,Nick Hardy,-0.127,0.159,0.11,-0.237,-0.159,311.3,58.25,70.58,71.379,432097.0,165.0,0.03200000000000003
2025,Nick Taylor,0.654,0.002,0.427,0.097,0.128,295.2,66.58,68.9,70.459,5431209.0,19.0,0.526
2025,Nick Watney,,,,,,,,,,43499.0,207.0,
2025,Nico Echavarria,0.289,-0.093,0.124,-0.335,0.593,294.9,63.74,66.86,70.766,2596760.0,62.0,-0.30400000000000005
2025,Nicolai Højgaard,0.715,0.212,0.6,-0.288,0.19,318.8,53.19,70.41,70.178,1897477.0,73.0,0.524
2025,Niklas Norgaard,0.058,0.599,-0.147,-0.471,0.078,315.9,51.88,69.34,70.933,518106.0,161.0,-0.019000000000000017
2025,Noah Goodwin,-0.058,0.026,-0.148,-0.046,0.11,300.3,66.74,67.39,71.109,796403.0,144.0,-0.16799999999999998
2025,Norman Xiong,,,,,,,,,,,182.0,
2025,Padraig Harrington,,,,,,,,,,18810.0,228.0,
2025,Patrick Cantlay,1.057,0.298,0.564,0.04,0.155,305.9,58.94,70.05,70.354,9441931.0,2.0,0.9019999999999999
2025,Patrick Fishburn,0.447,0.275,0.129,-0.069,0.113,305.8,58.72,71.29,70.802,1373169.0,95.0,0.335
2025,Patrick Rodgers,0.127,0.082,-0.083,0.088,0.039,308.7,59.47,65.66,70.867,2626202.0,64.0,0.087
2025,Patton Kizzire,-0.436,-0.405,-0.181,0.506,-0.356,299.0,60.6,65.68,71.681,282774.0,180.0,-0.08000000000000007
2025,Paul Peterson,-0.067,-0.538,-0.006,0.148,0.328,282.3,73.2,67.03,71.081,848337.0,125.0,-0.396
2025,Paul Waring,,,,,,,,,,26401.0,221.0,
2025,Peter Malnati,-0.988,-0.714,-0.64,0.332,0.034,301.3,48.06,61.46,72.082,282493.0,179.0,-1.022
2025,Philip Knowles,,,,,,,,,,158456.0,187.0,
2025,Pierceson Coody,0.837,0.838,-0.089,0.007,0.08,311.3,63.17,71.18,70.425,1155094.0,139.0,0.756
2025,Quade Cummins,-0.216,0.03,-0.268,-0.152,0.174,305.8,57.39,65.86,71.474,539904.0,145.0,-0.39
2025,Rafael Campos,-1.306,-0.378,-0.552,-0.286,-0.09,305.4,55.41,62.12,72.633,216757.0,188.0,-1.216
2025,Rasmus Højgaard,0.015,0.183,-0.098,-0.022,-0.048,314.9,55.68,66.75,70.696,2103443.0,85.0,0.063
2025,Rickie Fowler,0.354,0.285,0.042,-0.057,0.085,305.3,63.69,65.3,70.475,3441954.0,32.0,0.26999999999999996
2025,Ricky Castillo,0.34,0.387,0.07,0.131,-0.247,311.4,60.82,69.15,70.823,961455.0,116.0,0.5880000000000001
2025,Rico Hoey,0.327,0.691,0.657,-0.023,-0.998,307.8,67.99,72.51,70.473,2369185.0,106.0,1.325
2025,Rikuya Hoshino,-0.332,-0.045,-0.197,-0.033,-0.057,296.5,61.67,64.22,71.392,363756.0,183.0,-0.275
2025,Robby Shelton,,,,,,,,,,50297.0,208.0,
2025,Robert MacIntyre,0.894,0.228,0.312,0.103,0.251,302.7,61.48,68.65,69.9,8467191.0,17.0,0.643
2025,Rory McIlroy,1.543,0.671,0.157,0.118,0.597,323.0,51.24,67.72,69.083,16992418.0,23.0,0.9460000000000001
2025,Russell Henley,1.317,0.071,0.577,0.449,0.22,289.1,68.68,70.06,69.757,14707570.0,2.0,1.097
2025,Russell Knox,,,,,,,,,,8360.0,234.0,
2025,Ryan Fox,0.47,-0.047,0.303,0.021,0.193,308.7,52.28,64.21,70.364,3981947.0,43.0,0.277
2025,Ryan Gerard,0.37,0.148,0.467,0.055,-0.299,303.3,63.14,65.34,70.494,3872916.0,39.0,0.67
2025,Ryan Palmer,-2.775,-0.067,-1.557,-0.183,-0.967,295.7,58.7,60.36,73.472,83628.0,206.0,-1.807
2025,Ryo Hisatsune,0.238,0.142,0.15,0.136,-0.19,297.7,61.84,69.2,71.01,1835136.0,84.0,0.428
2025,S.H. Kim,,,,,,,,,,28000.0,214.0,
2025,Sahith Theegala,-0.456,-0.181,-0.123,-0.005,-0.147,301.6,56.56,65.14,71.647,977539.0,147.0,-0.309
2025,Sam Burns,0.997,0.146,-0.118,-0.014,0.983,307.5,60.2,66.08,70.184,6801982.0,7.0,0.013999999999999997
2025,Sam Ryder,0.346,-0.141,-0.008,-0.062,0.557,300.8,60.53,65.41,70.789,1294855.0,108.0,-0.211
2025,Sam Stevens,0.233,0.271,-0.275,0.182,0.055,305.3,59.27,65.44,70.643,4225866.0,38.0,0.178
2025,Sami Valimaki,0.476,-0.34,0.505,-0.185,0.496,295.9,61.94,68.52,70.721,2128761.0,87.0,-0.020000000000000018
2025,Satoshi Kodaira,,,,,,,,,,14560.0,,
2025,Scott Piercy,,,,,,,,,,109755.0,194.0,
2025,Scottie Scheffler,2.743,0.748,1.291,0.322,0.382,308.3,63.04,71.39,68.131,27659550.0,4.0,2.3609999999999998
2025,Seamus Power,-0.069,0.045,0.082,0.048,-0.245,298.9,63.44,68.38,71.009,1151819.0,130.0,0.175
2025,Sepp Straka,1.072,0.228,0.677,-0.07,0.237,297.9,65.66,70.18,70.047,10650894.0,30.0,0.835
2025,Shane Lowry,0.769,0.084,0.765,0.042,-0.123,298.1,63.01,67.06,70.312,7082794.0,13.0,0.891
2025,Si Woo Kim,0.689,0.31,0.423,0.35,-0.394,297.4,66.37,66.02,70.462,3890102.0,37.0,1.083
2025,Stephan Jaeger,0.37,-0.349,0.239,0.231,0.25,306.7,54.3,64.69,71.038,2684801.0,60.0,0.12100000000000002
2025,Steven Fisk,0.346,0.404,0.258,0.181,-0.497,311.2,61.04,71.45,70.735,1804525.0,140.0,0.843
2025,Sungjae Im,-0.046,0.312,-0.984,0.531,0.094,296.9,68.01,62.6,70.81,5082896.0,27.0,-0.1409999999999999
2025,Takumi Kanaya,0.407,0.143,-0.406,0.302,0.368,292.2,73.68,66.32,70.597,1463762.0,134.0,0.03899999999999998
2025,Taylor Dickson,-1.408,-0.291,-0.612,-0.082,-0.424,300.5,60.98,63.25,72.483,463642.0,168.0,-0.985
2025,Taylor Montgomery,0.379,-0.624,-0.239,0.342,0.899,301.9,51.24,63.37,70.855,824353.0,152.0,-0.5209999999999999
2025,Taylor Moore,0.174,0.181,-0.198,0.326,-0.135,308.5,58.69,67.92,70.962,1424004.0,100.0,0.309
2025,Taylor Pendrith,0.664,0.542,0.128,-0.034,0.028,311.2,58.74,68.97,70.39,3978452.0,33.0,0.636
2025,Thomas Detry,0.052,0.169,-0.164,-0.079,0.126,306.5,56.75,65.18,70.869,3651876.0,44.0,-0.074
2025,Thomas Rosenmueller,-0.203,0.408,0.366,-0.351,-0.626,309.9,63.02,71.84,71.158,541147.0,167.0,0.42300000000000004
2025,Thorbjørn Olesen,0.85,0.212,0.225,0.036,0.377,305.0,63.81,71.27,70.1,1438925.0,120.0,0.473
2025,Thriston Lawrence,-0.297,0.231,-0.099,-0.117,-0.312,299.5,62.95,67.09,71.611,728082.0,149.0,0.015
2025,Tim Widing,-0.994,0.03,-0.395,-0.312,-0.317,313.9,56.23,65.28,72.162,80950.0,210.0,-0.677
2025,Tom Hoge,-0.408,-0.618,0.309,-0.006,-0.092,296.6,60.38,62.59,71.583,4201600.0,48.0,-0.315
2025,Tom Kim,0.042,-0.204,0.152,0.197,-0.103,299.3,60.0,63.5,71.207,1496889.0,94.0,0.14500000000000002
2025,Tom McKibbin,,,,,,,,,,40674.0,216.0,
2025,Tommy Fleetwood,1.629,0.242,0.711,0.272,0.404,299.4,65.37,65.84,69.357,18496238.0,1.0,1.225
2025,Tommy Gainey,,,,,,,,,,26093.0,222.0,
2025,Tony Finau,-0.139,-0.092,-0.135,0.206,-0.117,304.9,56.94,64.95,71.35,2551493.0,66.0,-0.02100000000000002
2025,Trace Crowe,,,,,,,,,,279315.0,175.0,
2025,Trevor Cone,-0.416,0.259,-0.202,-0.133,-0.339,315.5,59.35,69.15,71.297,544059.0,178.0,-0.07600000000000001
2025,Trey Mullinax,-0.163,0.032,0.039,-0.211,-0.023,313.1,52.51,69.02,71.351,565316.0,156.0,-0.13999999999999999
2025,Troy Merritt,,,,,,,,,,62436.0,209.0,
2025,Tyler Duncan,,,,,,,,,,42650.0,211.0,
2025,Victor Perez,0.568,0.09,0.479,-0.215,0.215,304.4,64.66,71.61,70.431,1341741.0,109.0,0.354
2025,Viktor Hovland,0.844,0.099,0.945,-0.13,-0.07,303.3,63.13,67.26,70.229,5824239.0,12.0,0.914
2025,Vince Covello,,,,,,,,,,51276.0,227.0,
2025,Vince Whaley,0.415,0.037,-0.065,0.178,0.265,307.9,56.04,68.06,70.52,1834497.0,101.0,0.15
2025,Vincent Norrman,,,,,,,,,,168514.0,189.0,
2025,Webb Simpson,,,,,,,,,,331880.0,169.0,
2025,Wesley Bryan,,,,,,,,,,74068.0,204.0,
2025,Will Chandler,-1.261,-0.088,-0.931,0.01,-0.252,300.2,61.05,63.17,72.357,567658.0,159.0,-1.0090000000000001
2025,Will Gordon,-0.604,0.087,-0.083,-0.223,-0.385,312.7,57.91,69.44,71.643,808904.0,141.0,-0.21900000000000003
2025,Will Zalatoris,,,,,,,,,,1001003.0,138.0,
2025,William Mouw,-0.038,0.341,-0.317,-0.258,0.196,309.7,61.95,69.81,70.881,1521014.0,81.0,-0.23399999999999999
2025,Wyndham Clark,0.246,0.092,-0.284,0.296,0.142,311.7,55.49,65.85,70.918,2883112.0,56.0,0.10400000000000001
2025,Xander Schauffele,0.454,0.076,0.578,-0.016,-0.184,311.9,55.58,66.93,70.112,4839866.0,42.0,0.6379999999999999
2025,Zac Blair,-0.083,-0.331,0.433,0.025,-0.211,287.8,67.79,66.86,70.973,496238.0,172.0,0.12699999999999997
2025,Zach Johnson,,,,,,,,,,918478.0,123.0,
